pair_rank,residue_i,resname_i,residue_j,resname_j,correlation_score,aci_i_to_j,aci_j_to_i
1,43,GLN,44,VAL,0.925,0.9,0.95
2,116,ASN,144,THR,0.9,1.0,0.8
3,33,ASP,35,THR,0.875,0.8,0.95
4,141,PHE,142,ILE,0.875,0.9,0.85
5,37,GLU,62,GLU,0.85,0.85,0.85
6,98,GLU,102,ARG,0.85,0.8,0.9
7,120,LEU,121,PRO,0.85,0.75,0.95
8,153,ASP,155,ALA,0.85,0.85,0.85
9,8,VAL,58,THR,0.825,0.8,0.85
10,44,VAL,51,CYS,0.825,0.8,0.85
11,121,PRO,122,SER,0.825,0.9,0.75
12,33,ASP,34,PRO,0.8,0.7,0.9
13,134,ALA,139,ILE,0.8,0.9,0.7
14,11,ALA,14,VAL,0.775,0.8,0.75
15,17,SER,57,ASP,0.775,0.8,0.75
16,110,PRO,111,MET,0.775,0.85,0.7
17,153,ASP,157,TYR,0.775,0.85,0.7
18,15,GLY,19,LEU,0.75,0.9,0.6
19,38,ASP,39,SER,0.75,0.5,1.0
20,46,ILE,49,GLU,0.75,0.7,0.8
21,47,ASP,161,ARG,0.75,0.75,0.75
22,116,ASN,117,LYS,0.75,0.6,0.9
23,46,ILE,48,GLY,0.725,0.6,0.85
24,68,ARG,69,ASP,0.725,0.7,0.75
25,86,ASN,88,LYS,0.725,0.75,0.7
26,106,SER,108,ASP,0.725,0.8,0.65
27,118,CYS,144,THR,0.725,0.75,0.7
28,128,LYS,130,ALA,0.725,0.55,0.9
29,148,THR,149,ARG,0.725,0.7,0.75
30,65,SER,67,MET,0.7,0.7,0.7
31,82,PHE,114,VAL,0.7,0.65,0.75
32,86,ASN,89,SER,0.7,0.75,0.65
33,145,SER,147,LYS,0.7,0.75,0.65
34,162,GLU,165,LYS,0.7,0.85,0.55
35,21,ILE,25,GLN,0.675,0.55,0.8
36,83,ALA,86,ASN,0.675,0.7,0.65
37,90,PHE,93,ILE,0.675,0.55,0.8
38,95,HIS,99,GLN,0.675,0.65,0.7
39,134,ALA,136,SER,0.675,0.8,0.55
40,139,ILE,140,PRO,0.675,0.65,0.7
41,144,THR,145,SER,0.675,0.55,0.8
42,154,ASP,158,THR,0.675,0.7,0.65
43,2,THR,3,GLU,0.65,0.8,0.5
44,39,SER,40,TYR,0.65,0.95,0.35
45,65,SER,66,ALA,0.65,0.55,0.75
46,96,TYR,100,ILE,0.65,0.6,0.7
47,99,GLN,103,VAL,0.65,0.7,0.6
48,100,ILE,104,LYS,0.65,0.65,0.65
49,163,ILE,165,LYS,0.65,0.65,0.65
50,166,HIS,169,LYS,0.65,0.55,0.75
51,13,GLY,15,GLY,0.625,0.6,0.65
52,17,SER,21,ILE,0.625,0.65,0.6
53,22,GLN,146,ALA,0.625,0.55,0.7
54,25,GLN,27,HIS,0.625,0.65,0.6
55,39,SER,55,ILE,0.625,0.75,0.5
56,45,VAL,46,ILE,0.625,0.6,0.65
57,104,LYS,106,SER,0.625,0.5,0.75
58,106,SER,107,GLU,0.625,0.65,0.6
59,109,VAL,111,MET,0.625,0.65,0.6
60,112,VAL,113,LEU,0.625,0.8,0.45
61,123,ARG,125,VAL,0.625,0.5,0.75
62,131,GLN,135,ARG,0.625,0.6,0.65
63,149,ARG,153,ASP,0.625,0.45,0.8
64,11,ALA,12,GLY,0.6,0.55,0.65
65,13,GLY,117,LYS,0.6,0.6,0.6
66,25,GLN,26,ASN,0.6,0.4,0.8
67,27,HIS,29,VAL,0.6,0.6,0.6
68,42,LYS,43,GLN,0.6,0.55,0.65
69,42,LYS,44,VAL,0.6,0.5,0.7
70,58,THR,59,ALA,0.6,0.6,0.6
71,87,THR,89,SER,0.6,0.5,0.7
72,101,LYS,105,ASP,0.6,0.6,0.6
73,116,ASN,145,SER,0.6,0.45,0.75
74,130,ALA,132,ASP,0.6,0.8,0.4
75,148,THR,150,GLN,0.6,0.65,0.55
76,16,LYS,20,THR,0.575,0.65,0.5
77,43,GLN,51,CYS,0.575,0.65,0.5
78,51,CYS,164,ARG,0.575,0.65,0.5
79,64,TYR,67,MET,0.575,0.4,0.75
80,76,GLU,110,PRO,0.575,0.7,0.45
81,87,THR,90,PHE,0.575,0.75,0.4
82,108,ASP,166,HIS,0.575,0.6,0.55
83,118,CYS,145,SER,0.575,0.45,0.7
84,119,ASP,145,SER,0.575,0.65,0.5
85,10,GLY,16,LYS,0.55,0.75,0.35
86,10,GLY,81,VAL,0.55,0.7,0.4
87,15,GLY,17,SER,0.55,0.7,0.4
88,17,SER,19,LEU,0.55,0.55,0.55
89,22,GLN,26,ASN,0.55,0.6,0.5
90,42,LYS,53,LEU,0.55,0.55,0.55
91,74,THR,75,GLY,0.55,0.5,0.6
92,91,GLU,94,HIS,0.55,0.65,0.45
93,101,LYS,106,SER,0.55,0.55,0.55
94,113,LEU,141,PHE,0.55,0.65,0.45
95,123,ARG,124,THR,0.55,0.55,0.55
96,123,ARG,143,GLU,0.55,0.45,0.65
97,128,LYS,132,ASP,0.55,0.45,0.65
98,133,LEU,134,ALA,0.55,0.5,0.6
99,134,ALA,140,PRO,0.55,0.7,0.4
100,145,SER,148,THR,0.55,0.6,0.5
101,158,THR,160,VAL,0.55,0.55,0.55
102,9,VAL,79,LEU,0.525,0.35,0.7
103,10,GLY,96,TYR,0.525,0.75,0.3
104,14,VAL,15,GLY,0.525,0.4,0.65
105,46,ILE,47,ASP,0.525,0.45,0.6
106,64,TYR,66,ALA,0.525,0.35,0.7
107,70,GLN,72,MET,0.525,0.45,0.6
108,70,GLN,74,THR,0.525,0.4,0.65
109,88,LYS,92,ASP,0.525,0.55,0.5
110,124,THR,125,VAL,0.525,0.4,0.65
111,132,ASP,135,ARG,0.525,0.5,0.55
112,150,GLN,152,VAL,0.525,0.45,0.6
113,151,GLY,155,ALA,0.525,0.75,0.3
114,3,GLU,4,TYR,0.5,0.55,0.45
115,8,VAL,59,ALA,0.5,0.55,0.45
116,11,ALA,13,GLY,0.5,0.4,0.6
117,20,THR,24,ILE,0.5,0.45,0.55
118,22,GLN,149,ARG,0.5,0.4,0.6
119,36,ILE,37,GLU,0.5,0.65,0.35
120,37,GLU,64,TYR,0.5,0.6,0.4
121,62,GLU,64,TYR,0.5,0.5,0.5
122,83,ALA,85,ASN,0.5,0.6,0.4
123,88,LYS,90,PHE,0.5,0.45,0.55
124,92,ASP,94,HIS,0.5,0.55,0.45
125,92,ASP,95,HIS,0.5,0.55,0.45
126,107,GLU,108,ASP,0.5,0.7,0.3
127,109,VAL,110,PRO,0.5,0.6,0.4
128,115,GLY,142,ILE,0.5,0.55,0.45
129,120,LEU,122,SER,0.5,0.5,0.5
130,126,ASP,128,LYS,0.5,0.45,0.55
131,126,ASP,129,GLN,0.5,0.45,0.55
132,136,SER,137,TYR,0.5,0.65,0.35
133,158,THR,162,GLU,0.5,0.55,0.45
134,6,LEU,54,ASP,0.475,0.45,0.5
135,7,VAL,77,GLY,0.475,0.3,0.65
136,15,GLY,18,ALA,0.475,0.5,0.45
137,19,LEU,57,ASP,0.475,0.45,0.5
138,44,VAL,45,VAL,0.475,0.55,0.4
139,47,ASP,49,GLU,0.475,0.45,0.5
140,72,MET,104,LYS,0.475,0.6,0.35
141,73,ARG,75,GLY,0.475,0.35,0.6
142,77,GLY,110,PRO,0.475,0.6,0.35
143,81,VAL,82,PHE,0.475,0.4,0.55
144,86,ASN,124,THR,0.475,0.7,0.25
145,89,SER,90,PHE,0.475,0.45,0.5
146,113,LEU,114,VAL,0.475,0.4,0.55
147,117,LYS,118,CYS,0.475,0.6,0.35
148,121,PRO,123,ARG,0.475,0.45,0.5
149,132,ASP,136,SER,0.475,0.4,0.55
150,145,SER,149,ARG,0.475,0.7,0.25
151,155,ALA,157,TYR,0.475,0.5,0.45
152,5,LYS,76,GLU,0.45,0.35,0.55
153,13,GLY,14,VAL,0.45,0.45,0.45
154,15,GLY,57,ASP,0.45,0.55,0.35
155,18,ALA,20,THR,0.45,0.35,0.55
156,19,LEU,20,THR,0.45,0.45,0.45
157,20,THR,22,GLN,0.45,0.5,0.4
158,21,ILE,57,ASP,0.45,0.55,0.35
159,37,GLU,58,THR,0.45,0.35,0.55
160,65,SER,68,ARG,0.45,0.45,0.45
161,71,TYR,75,GLY,0.45,0.4,0.5
162,76,GLU,111,MET,0.45,0.5,0.4
163,83,ALA,88,LYS,0.45,0.55,0.35
164,93,ILE,95,HIS,0.45,0.4,0.5
165,104,LYS,105,ASP,0.45,0.45,0.45
166,115,GLY,141,PHE,0.45,0.55,0.35
167,118,CYS,120,LEU,0.45,0.55,0.35
168,120,LEU,123,ARG,0.45,0.45,0.45
169,130,ALA,134,ALA,0.45,0.45,0.45
170,135,ARG,137,TYR,0.45,0.4,0.5
171,136,SER,139,ILE,0.45,0.5,0.4
172,148,THR,153,ASP,0.45,0.4,0.5
173,152,VAL,153,ASP,0.45,0.5,0.4
174,152,VAL,154,ASP,0.45,0.4,0.5
175,152,VAL,156,PHE,0.45,0.5,0.4
176,159,LEU,161,ARG,0.45,0.4,0.5
177,163,ILE,164,ARG,0.45,0.6,0.3
178,164,ARG,168,GLU,0.45,0.25,0.65
179,7,VAL,79,LEU,0.425,0.45,0.4
180,9,VAL,10,GLY,0.425,0.25,0.6
181,11,ALA,16,LYS,0.425,0.45,0.4
182,11,ALA,96,TYR,0.425,0.5,0.35
183,13,GLY,19,LEU,0.425,0.55,0.3
184,13,GLY,116,ASN,0.425,0.55,0.3
185,17,SER,18,ALA,0.425,0.4,0.45
186,36,ILE,62,GLU,0.425,0.55,0.3
187,43,GLN,45,VAL,0.425,0.5,0.35
188,44,VAL,164,ARG,0.425,0.7,0.15
189,86,ASN,92,ASP,0.425,0.45,0.4
190,97,ARG,109,VAL,0.425,0.3,0.55
191,101,LYS,108,ASP,0.425,0.35,0.5
192,104,LYS,108,ASP,0.425,0.35,0.5
193,106,SER,166,HIS,0.425,0.5,0.35
194,119,ASP,147,LYS,0.425,0.45,0.4
195,127,THR,130,ALA,0.425,0.35,0.5
196,131,GLN,134,ALA,0.425,0.25,0.6
197,132,ASP,134,ALA,0.425,0.3,0.55
198,134,ALA,138,GLY,0.425,0.45,0.4
199,135,ARG,136,SER,0.425,0.25,0.6
200,140,PRO,141,PHE,0.425,0.5,0.35
