residue_i,residue_j,centroid_distance_A
81,82,3.458
81,83,6.7
81,84,4.973
82,83,4.965
82,84,6.305
83,84,5.162
83,85,5.769
83,108,6.388
83,109,5.493
84,85,4.703
84,86,7.261
84,106,5.914
84,107,6.262
84,108,6.82
84,137,6.955
84,138,5.421
84,139,7.893
85,86,5.724
85,106,7.947
85,107,5.1
85,109,5.884
85,135,5.6
85,136,5.17
85,137,4.522
85,138,6.424
86,87,3.722
86,88,5.961
86,103,7.959
86,104,5.314
86,105,6.825
86,106,6.163
86,107,6.143
86,135,5.933
86,136,4.807
86,137,6.503
86,138,5.891
86,143,7.113
87,88,4.211
87,89,6.647
87,90,7.618
87,101,6.616
87,102,6.475
87,103,5.136
87,104,4.417
87,105,5.709
87,107,6.923
87,134,7.755
87,135,5.562
87,136,6.716
88,89,4.114
88,103,5.727
88,104,7.427
88,134,6.756
88,135,6.124
88,136,6.181
88,142,7.823
88,238,7.446
89,90,6.245
89,103,6.279
89,133,7.49
89,134,4.647
89,238,6.891
89,241,5.308
89,242,6.298
90,91,6.48
90,92,7.341
90,101,5.778
90,102,5.11
90,103,5.639
90,134,7.506
90,241,7.465
91,92,4.242
91,93,5.936
91,98,7.187
91,99,6.635
91,100,5.483
91,101,5.154
91,130,6.292
91,131,6.271
91,134,6.324
92,93,3.875
92,94,6.421
92,100,5.331
92,101,7.255
93,94,3.878
93,95,5.549
93,96,7.857
93,98,5.204
93,99,6.292
93,100,4.964
94,95,3.552
94,96,6.747
94,98,6.042
94,282,6.276
94,283,5.256
95,96,4.403
95,97,5.13
95,98,3.983
95,247,7.887
95,282,7.572
95,283,7.36
96,97,4.911
96,98,5.883
97,98,4.182
97,128,6.567
97,129,5.46
97,248,7.824
97,249,6.899
97,250,7.902
98,99,5.097
98,100,7.111
98,128,5.827
98,129,6.373
98,130,6.887
99,100,3.852
99,101,5.892
99,121,6.565
99,123,7.19
99,125,7.795
99,126,6.229
99,127,7.067
99,128,4.389
99,130,6.081
100,101,4.419
100,102,7.45
100,125,7.375
101,102,4.662
101,105,5.92
101,107,7.933
101,130,7.156
101,134,7.87
102,103,5.577
102,104,5.759
102,105,4.771
103,104,4.847
103,105,7.815
104,105,4.562
104,106,6.558
105,106,5.427
105,107,5.856
105,123,6.505
106,107,5.519
106,138,7.844
107,108,6.39
107,109,6.691
107,121,6.21
107,122,6.932
107,123,5.948
107,135,6.797
108,109,5.865
108,110,6.533
108,121,6.852
108,122,4.222
108,123,7.459
109,110,4.509
109,111,5.353
109,112,6.921
109,119,6.314
109,120,6.679
109,121,5.559
109,122,7.06
110,111,4.525
110,112,7.997
110,119,7.612
110,120,4.555
110,121,5.752
110,122,6.195
110,127,7.763
111,112,3.744
111,113,7.406
111,119,5.085
111,120,4.79
111,121,7.336
111,129,7.385
112,113,5.868
112,116,5.158
112,119,5.062
112,120,7.775
112,132,7.053
113,114,4.097
113,115,4.703
113,116,4.594
113,117,6.348
113,118,6.12
113,119,6.878
113,129,7.088
113,249,5.873
113,250,7.303
114,115,3.903
114,116,6.692
114,117,7.403
114,249,7.293
114,250,7.066
114,251,5.807
115,116,3.948
115,117,4.236
115,118,7.937
116,117,4.132
116,118,7.093
116,119,7.234
116,132,6.214
117,118,5.695
117,131,7.638
117,132,6.427
117,133,7.706
117,244,7.577
117,245,6.762
118,119,5.806
118,129,5.672
118,130,5.442
118,131,4.721
118,132,6.435
118,244,7.477
118,248,6.109
118,249,4.385
118,250,7.902
119,120,5.291
119,121,5.916
119,128,6.898
119,129,5.131
119,130,4.49
119,131,6.318
119,132,5.358
119,135,7.86
120,121,4.358
120,122,7.125
120,127,5.906
120,128,4.658
120,129,4.683
120,130,7.565
121,122,4.411
121,123,6.411
121,126,6.906
121,127,5.265
121,128,4.181
121,129,7.081
121,130,6.34
122,123,5.109
122,124,7.99
122,126,5.695
122,127,4.987
122,128,7.2
123,124,4.784
123,125,4.863
123,126,3.948
123,127,7.154
124,125,5.616
124,126,6.842
125,126,4.601
126,127,4.669
126,128,6.683
127,128,4.37
128,129,4.847
128,130,5.955
129,130,5.836
129,249,5.404
129,250,7.817
130,131,3.729
130,132,6.166
130,134,7.149
130,135,7.2
131,132,4.572
131,133,5.635
131,134,4.49
131,135,6.822
131,242,7.958
131,244,7.23
132,133,4.472
132,134,6.809
132,135,5.359
133,134,4.76
133,135,6.285
133,242,5.231
133,243,7.879
134,135,6.344
134,241,6.038
134,242,5.149
135,136,4.621
135,137,7.094
136,137,3.394
136,138,6.398
136,139,7.627
136,140,5.898
136,142,6.014
136,143,6.861
137,138,4.827
137,139,4.618
137,140,4.813
137,142,7.308
137,143,7.4
138,139,4.64
138,140,6.045
138,143,5.956
139,140,4.584
139,143,7.767
140,141,4.455
140,142,4.714
140,143,4.894
140,144,7.301
141,142,4.568
141,143,5.985
141,144,5.538
141,146,7.814
141,147,4.785
141,214,7.019
142,143,5.926
142,144,6.723
142,147,5.195
142,149,7.46
143,144,3.937
144,145,5.489
144,146,4.598
144,147,6.297
144,215,7.267
145,146,4.845
145,147,7.778
145,148,7.137
145,235,5.326
145,236,6.569
145,237,7.741
145,238,6.372
146,147,5.894
146,148,7.689
146,168,6.418
146,169,7.234
146,170,5.569
146,214,7.442
146,215,7.215
146,218,6.164
146,235,6.767
147,148,5.563
147,149,4.708
147,169,7.925
147,170,4.911
147,172,7.431
147,180,7.622
148,149,5.12
148,150,7.5
148,151,6.383
148,159,7.707
148,169,5.489
148,170,6.248
148,171,7.981
148,236,6.173
148,237,7.773
148,238,5.471
149,150,3.52
149,151,5.082
149,170,6.534
149,171,6.433
149,172,4.86
149,173,7.958
149,180,7.916
150,151,4.572
150,152,7.609
150,171,7.874
150,172,5.418
150,173,7.077
150,174,5.862
151,152,3.937
151,155,5.572
151,156,6.295
151,169,7.937
151,171,5.377
151,172,7.414
151,174,7.234
152,153,6.296
152,154,5.135
152,155,4.343
152,156,5.855
152,171,6.345
152,174,7.255
152,513,5.878
153,154,5.212
153,155,7.74
153,156,6.895
153,157,6.107
153,171,7.436
153,190,7.935
153,192,5.032
153,516,7.665
153,517,6.59
154,155,4.723
154,156,6.18
154,157,5.253
154,357,6.558
154,360,5.887
154,361,7.611
154,513,6.155
154,516,7.02
155,156,3.49
155,157,5.88
155,158,5.97
155,159,5.649
155,357,7.944
155,361,5.89
156,157,4.417
156,158,6.785
156,159,4.803
156,160,5.576
156,169,6.446
156,171,7.032
156,183,6.26
156,190,7.538
156,192,7.997
157,158,7.366
157,159,7.577
157,160,6.35
157,161,7.406
157,183,7.927
157,190,5.166
157,192,7.393
157,357,5.904
157,520,7.704
158,159,4.427
158,160,7.224
158,161,5.435
158,162,7.219
158,357,6.662
158,358,6.006
158,361,5.63
158,393,7.325
158,394,6.511
159,160,4.906
159,161,6.518
159,162,6.908
159,169,7.474
159,236,6.193
159,237,6.641
159,239,7.308
160,161,5.071
160,162,6.056
160,163,5.855
160,167,5.64
160,169,6.951
160,183,6.864
160,184,7.507
160,185,5.366
160,190,6.534
160,236,6.75
161,162,3.985
161,163,5.526
161,185,6.863
161,357,7.872
162,163,3.65
162,164,7.441
162,185,7.758
162,237,7.798
163,164,3.903
163,165,7.446
163,166,7.964
163,167,5.832
163,185,5.08
164,165,4.42
164,166,5.593
164,167,5.106
164,185,5.457
164,234,5.771
165,166,4.905
165,167,6.428
165,185,5.37
165,186,5.164
165,187,6.002
165,188,7.935
165,230,7.558
165,234,7.563
166,167,3.22
166,168,5.978
166,184,5.752
166,185,6.366
166,186,7.752
166,230,6.39
166,231,6.086
166,232,6.04
166,233,5.386
166,234,4.558
166,235,7.908
167,168,5.116
167,169,7.765
167,184,5.906
167,185,5.271
167,232,7.589
167,233,7.67
167,234,4.963
167,235,6.38
167,236,6.767
168,169,5.001
168,170,7.033
168,182,7.23
168,183,6.562
168,184,6.336
168,218,7.818
168,232,4.83
168,233,7.6
168,234,6.964
168,235,4.76
168,236,6.254
169,170,4.413
169,171,6.204
169,181,7.686
169,182,6.341
169,183,4.316
169,184,7.694
169,235,7.437
169,236,5.753
170,171,5.581
170,180,6.998
170,181,5.805
170,182,5.627
170,183,6.714
170,214,7.678
171,172,6.488
171,173,7.182
171,180,7.348
171,181,3.827
171,182,6.68
171,183,6.105
171,192,7.521
172,173,4.029
172,174,6.183
172,176,7.127
172,177,6.133
172,178,5.608
172,179,6.71
172,180,4.939
172,181,7.725
173,174,3.835
173,175,4.848
173,176,4.173
173,177,5.406
173,178,6.442
173,179,5.734
173,180,7.268
174,175,4.491
174,176,6.432
174,177,7.416
175,176,3.621
175,177,5.811
176,177,3.748
176,178,6.102
176,179,5.252
177,178,4.574
177,179,6.226
178,179,3.731
178,180,4.358
179,180,5.326
179,181,7.593
179,194,6.761
179,195,7.277
180,181,5.993
180,195,5.771
180,214,7.418
181,182,4.478
181,183,6.407
181,192,7.086
181,193,7.289
181,194,5.768
181,195,5.445
182,183,4.424
182,184,6.604
182,192,6.845
182,193,4.947
182,195,6.681
182,232,7.933
183,184,4.914
183,190,6.379
183,191,7.89
183,192,5.11
183,193,6.815
184,185,6.544
184,186,7.524
184,190,6.038
184,191,5.461
184,192,7.366
184,193,6.789
184,228,7.361
184,229,6.987
184,230,6.461
184,232,6.82
185,186,6.746
185,187,7.022
185,188,4.862
185,189,7.685
185,190,6.219
186,187,3.967
186,188,6.907
186,189,7.704
186,191,6.872
186,229,5.563
186,230,6.146
187,188,5.094
187,189,7.357
188,189,4.594
188,190,6.719
189,190,5.191
189,191,5.61
189,520,7.583
189,522,7.832
189,523,7.742
190,191,4.741
190,192,5.566
191,192,6.227
191,193,6.63
191,229,5.862
192,193,5.684
193,194,7.652
193,205,6.769
193,227,7.699
193,228,5.84
194,195,5.513
194,196,6.155
195,196,4.63
195,197,7.184
195,203,6.406
195,204,6.857
195,205,6.259
195,214,7.779
195,217,7.856
196,197,4.942
196,198,7.314
196,203,6.719
196,204,3.767
196,205,5.896
197,198,3.848
197,199,7.055
197,200,7.795
197,201,5.161
197,202,7.259
197,203,5.727
197,204,6.16
198,199,3.803
198,200,4.738
198,201,4.301
198,202,5.561
198,203,7.118
198,204,6.689
198,210,6.828
199,200,4.178
199,201,5.917
199,202,7.662
200,201,3.97
200,202,4.545
200,212,7.938
201,202,4.207
201,203,5.868
201,212,6.735
202,203,5.274
202,204,7.542
202,210,5.04
202,211,6.385
202,212,4.887
203,204,5.867
203,210,6.851
203,211,5.748
203,212,6.649
203,213,6.206
203,214,6.292
203,217,6.048
204,205,5.107
204,206,5.488
204,207,5.217
204,209,6.81
204,210,4.837
205,206,3.927
205,207,7.386
205,209,7.144
205,217,7.397
205,221,7.461
205,226,7.711
205,227,6.908
205,228,7.154
206,207,4.462
206,208,4.484
206,209,4.678
206,210,7.133
206,226,5.923
206,227,6.5
207,208,4.143
207,209,5.631
207,210,5.005
208,209,4.358
208,210,7.143
208,226,6.665
209,210,5.208
209,211,5.771
209,217,7.656
209,220,6.874
209,226,6.46
210,211,6.355
211,212,6.113
211,213,6.329
211,215,7.984
211,216,4.904
211,217,4.848
211,220,6.893
212,213,4.641
212,216,6.305
213,214,4.964
213,215,4.848
213,216,4.061
213,217,6.889
214,215,4.245
214,216,6.827
214,217,5.467
214,218,6.154
215,216,4.361
215,217,5.893
215,218,4.957
215,219,4.925
216,217,5.865
216,218,7.27
216,219,6.064
217,218,4.538
217,219,7.002
217,220,6.076
217,221,5.644
218,219,4.345
218,220,7.034
218,221,5.888
218,222,5.924
218,232,6.103
219,220,7.018
219,222,5.961
220,221,4.097
220,222,6.485
220,223,5.739
220,224,5.186
220,225,7.335
220,226,6.48
221,222,5.691
221,223,6.762
221,224,5.51
221,225,5.098
221,226,5.734
221,227,7.494
221,228,5.946
221,231,6.932
221,232,5.795
222,223,4.157
222,224,6.43
222,225,7.921
222,231,5.551
222,232,4.405
222,233,5.448
223,224,3.889
223,225,7.31
223,231,6.677
223,232,7.894
223,233,7.763
224,225,4.186
224,226,5.536
224,231,6.474
225,226,4.318
225,227,4.999
225,228,4.345
225,229,7.222
225,230,5.601
225,231,5.418
225,232,7.636
226,227,4.634
226,228,6.258
227,228,3.564
227,229,6.803
228,229,5.238
228,230,5.527
228,231,6.988
228,232,7.513
229,230,4.218
229,231,7.801
230,231,3.711
230,232,6.693
230,233,7.956
231,232,4.549
231,233,4.969
232,233,5.422
232,234,7.897
233,234,4.723
234,235,5.792
235,236,4.279
235,237,6.353
236,237,3.433
236,238,6.307
236,239,7.575
237,238,5.284
237,239,4.474
238,239,6.76
238,240,7.215
239,240,5.865
239,393,6.028
240,241,5.706
240,242,6.811
240,392,7.908
240,393,6.18
240,395,7.3
241,242,4.832
241,243,7.904
242,243,4.697
242,244,6.751
243,244,4.298
243,245,5.144
243,315,6.245
243,319,7.871
244,245,4.82
244,246,4.503
244,247,7.122
244,319,7.775
245,246,5.986
245,313,4.819
245,315,7.619
245,319,5.926
246,247,3.873
246,248,5.996
246,254,7.593
246,319,6.637
246,320,7.24
246,321,5.044
247,248,4.338
247,249,7.552
247,283,7.192
247,321,6.042
248,249,3.54
248,250,4.639
248,253,6.485
249,250,3.583
250,251,6.73
250,252,7.463
250,253,5.743
251,252,4.865
251,253,7.663
252,253,4.445
252,254,5.593
252,255,7.833
253,254,6.575
253,255,7.032
254,255,6.718
254,310,5.177
254,320,5.891
254,321,6.939
254,322,5.18
254,323,6.075
255,256,5.256
255,322,6.905
255,323,4.519
255,324,5.806
255,325,6.039
255,326,5.752
256,257,5.152
256,258,6.811
256,260,6.754
256,261,7.513
256,280,6.946
256,322,6.235
256,323,5.766
256,324,5.505
256,331,7.977
256,333,7.435
257,258,6.098
257,259,4.465
257,260,4.769
257,261,7.852
258,259,5.504
258,260,7.709
258,261,6.478
258,324,5.773
258,327,6.442
258,329,6.512
258,331,5.53
259,260,4.276
259,261,6.17
260,261,5.028
260,262,7.953
260,280,5.799
260,281,5.156
260,282,5.518
261,262,4.612
261,263,6.155
261,278,6.831
261,279,6.006
261,280,5.961
261,281,7.54
261,287,7.973
261,289,7.845
261,331,7.253
262,263,4.691
262,264,5.857
262,278,5.702
262,279,4.463
262,281,7.637
263,264,5.278
263,276,5.853
263,277,7.354
263,278,5.958
263,279,7.573
263,289,6.632
264,265,6.24
264,276,7.609
264,277,4.596
264,278,5.203
264,279,6.783
265,266,4.942
265,267,6.562
265,276,6.506
265,277,6.728
266,267,4.914
266,268,6.164
266,269,5.685
266,270,6.083
266,273,6.672
266,274,6.433
266,275,5.694
266,276,4.545
267,268,4.789
267,269,6.882
267,270,7.525
267,272,6.897
267,273,7.843
267,275,4.864
267,276,6.136
267,277,6.291
268,269,3.204
268,270,4.714
268,271,4.629
268,272,5.462
268,273,7.401
268,275,7.58
269,270,3.385
269,271,5.457
269,272,7.347
269,273,7.243
270,271,4.387
270,272,5.753
270,273,4.269
270,274,7.279
270,275,7.399
271,272,3.649
271,273,6.659
271,386,7.501
272,273,5.59
272,275,6.484
272,387,7.248
272,401,7.669
273,274,4.094
273,275,4.968
273,276,7.682
273,290,7.105
274,275,5.244
274,276,5.656
274,290,6.387
274,291,5.156
274,293,5.453
274,296,7.336
275,276,4.413
275,288,6.769
275,289,5.793
275,290,5.262
275,291,7.175
276,277,7.009
276,288,7.961
276,289,5.758
276,290,7.814
276,291,6.7
277,278,4.012
277,279,7.347
277,286,6.585
277,287,6.287
277,288,6.606
277,289,7.765
277,336,6.32
278,279,3.878
278,285,7.521
278,286,5.048
278,287,3.894
278,288,5.883
278,289,6.569
278,336,7.353
279,280,6.65
279,281,6.95
279,284,6.04
279,285,6.066
279,286,5.48
279,287,5.904
280,281,7.005
280,282,5.15
280,283,4.662
280,284,7.609
280,285,5.63
280,287,7.009
280,321,7.517
280,333,7.389
281,282,5.358
281,283,7.381
281,284,6.319
282,283,4.124
282,284,7.782
283,284,5.949
283,285,5.23
284,285,4.961
284,286,7.161
285,286,4.293
285,287,5.763
286,287,4.136
286,288,7.43
286,336,5.294
287,288,3.833
287,289,6.307
287,321,7.867
287,333,6.306
287,334,5.819
287,335,7.301
287,336,5.673
288,289,4.01
288,290,7.603
288,332,7.643
288,333,5.55
288,334,4.057
288,335,7.023
288,336,6.024
289,290,5.559
289,291,6.338
289,331,5.814
289,332,6.124
289,333,5.381
289,334,6.743
290,291,5.08
290,292,7.564
290,302,6.406
290,305,7.631
290,331,7.549
290,332,4.669
291,292,4.962
291,293,4.848
291,302,7.696
291,329,6.232
291,330,7.623
291,331,5.406
291,332,7.438
292,293,5.473
292,294,7.508
292,296,6.36
292,297,6.015
292,299,6.633
292,302,5.431
292,328,7.618
292,329,6.124
292,330,5.17
292,331,7.949
293,294,5.654
293,295,7.673
293,296,6.114
293,329,7.088
294,295,4.463
294,296,6.921
295,296,4.877
296,297,4.585
296,298,6.972
297,298,4.302
297,299,6.657
297,301,6.315
297,302,5.926
298,299,5.417
298,300,6.486
298,301,5.143
299,300,4.005
299,301,6.751
299,302,6.011
299,303,5.757
299,330,7.491
300,301,5.752
300,302,7.969
300,303,5.562
300,304,6.336
301,302,6.682
301,303,7.026
301,304,5.14
301,305,6.702
302,303,4.844
302,305,5.638
302,306,6.642
302,330,6.339
302,332,6.301
303,304,5.595
303,305,7.117
303,306,5.768
303,307,7.0
303,325,7.699
303,330,7.362
304,305,6.521
304,306,7.054
304,307,6.311
304,308,7.113
304,405,7.824
305,306,4.694
305,307,6.706
305,308,6.155
305,309,6.006
305,332,6.958
305,400,7.454
305,401,7.063
305,402,6.278
305,403,7.373
306,307,3.494
306,308,5.528
306,309,5.073
306,310,5.502
306,320,7.545
306,323,7.385
306,332,6.4
307,308,3.896
307,309,5.97
307,310,4.629
307,311,6.639
308,309,4.642
308,310,6.424
308,311,5.891
308,312,6.245
308,378,7.491
308,400,7.711
308,403,6.378
308,405,6.6
309,310,5.663
309,311,7.278
309,312,5.392
309,318,7.394
309,319,6.877
309,320,4.987
309,332,7.742
309,400,5.7
310,311,5.34
310,312,7.797
310,320,6.309
311,312,5.418
311,313,7.104
312,313,5.385
312,314,7.456
312,317,6.188
312,319,7.043
312,320,7.999
312,372,6.743
312,378,7.946
312,400,6.828
313,314,6.698
313,319,7.551
313,372,7.427
314,315,3.527
314,316,4.722
314,317,4.949
314,368,6.334
314,369,5.513
314,372,5.306
315,316,3.994
315,317,6.334
315,365,7.983
315,368,7.746
315,369,7.769
315,397,6.694
316,317,5.038
316,365,5.158
316,366,6.788
316,368,6.004
316,369,5.383
316,395,7.711
316,396,5.73
316,397,4.526
316,398,6.277
317,318,4.861
317,319,7.121
317,369,5.83
317,372,7.378
317,373,7.937
317,397,5.555
317,398,4.817
317,399,6.527
317,400,5.552
318,319,5.16
318,320,7.5
318,334,6.341
318,335,5.348
318,337,7.692
318,389,7.46
318,397,5.304
318,398,6.442
318,399,5.86
318,400,5.044
319,320,4.434
319,321,5.941
319,334,6.433
319,335,5.445
320,321,4.54
320,322,4.861
320,323,7.549
320,332,7.185
320,333,6.359
320,334,5.712
320,335,7.764
321,322,4.608
321,333,5.297
321,334,5.475
321,335,6.786
322,323,3.708
322,324,6.99
322,332,6.104
322,333,3.85
322,334,6.946
323,324,4.183
323,325,5.8
323,331,7.302
323,332,6.068
323,333,6.145
324,325,4.495
324,326,6.733
324,327,6.493
324,329,7.312
324,330,5.826
324,331,4.685
324,332,7.254
324,333,7.617
325,326,4.496
325,327,6.24
325,330,5.019
326,327,5.781
327,328,4.261
327,329,6.251
327,330,6.351
328,329,4.0
328,330,5.084
329,330,5.178
329,331,5.51
330,331,6.587
331,332,6.301
331,333,6.734
332,333,4.987
332,334,6.775
333,334,4.664
334,335,4.566
334,336,7.612
335,336,6.401
335,337,5.847
335,397,7.217
336,337,4.566
336,338,5.056
337,338,4.861
337,339,7.398
337,340,5.885
337,389,5.087
337,390,5.636
337,391,5.578
337,397,6.51
338,339,4.127
338,340,6.267
338,390,6.586
338,391,5.472
338,392,6.378
339,340,5.794
339,345,6.688
339,390,5.336
339,391,5.003
339,392,6.12
340,341,4.197
340,342,7.167
340,344,7.097
340,345,7.367
340,388,7.633
340,389,4.933
340,390,4.496
340,391,7.155
341,342,5.115
341,343,5.355
341,344,4.567
341,345,7.638
341,385,6.29
341,386,7.347
341,387,7.392
341,388,5.958
341,389,5.89
341,390,6.846
342,343,5.167
342,344,6.806
342,345,5.958
342,346,5.403
342,362,7.263
342,385,4.732
342,388,5.053
342,389,7.047
342,390,6.275
342,396,7.466
342,450,7.912
342,451,7.242
343,344,4.291
343,346,5.898
343,347,4.825
343,385,4.934
343,386,6.752
343,450,6.635
343,455,5.43
344,345,6.832
344,346,6.939
344,347,5.275
344,348,5.539
345,346,4.944
345,348,6.228
345,349,5.441
345,354,7.466
345,390,6.327
345,394,7.495
346,347,5.842
346,348,7.077
346,349,5.741
346,351,7.615
346,354,7.456
346,359,7.928
346,451,6.679
346,453,7.925
346,454,4.914
346,455,5.753
347,348,6.122
347,455,4.445
347,456,7.424
348,349,5.411
349,350,4.627
349,351,5.343
349,353,7.178
349,354,5.907
349,454,6.898
350,351,5.834
350,352,4.848
350,353,4.714
350,354,5.759
351,352,6.423
351,354,6.257
351,454,4.635
352,353,6.277
352,354,6.772
352,355,7.135
353,354,4.372
353,355,6.906
353,358,7.627
353,394,7.787
354,355,4.715
354,356,7.134
354,358,5.142
354,359,6.399
354,394,7.49
354,454,6.963
355,356,3.766
355,357,4.721
355,358,4.726
355,359,6.3
355,522,7.919
356,357,3.952
356,358,5.37
356,359,4.643
356,360,6.245
356,521,5.27
356,522,6.658
356,525,7.592
357,358,4.441
357,359,6.369
357,360,5.448
357,361,7.413
357,521,5.957
357,522,7.311
358,359,4.384
358,360,6.488
358,361,5.923
358,362,5.781
358,394,5.949
359,360,5.572
359,362,5.369
359,363,7.064
359,451,5.455
359,452,6.786
359,454,6.995
360,361,6.408
360,362,6.693
360,363,5.614
360,364,5.881
360,512,6.059
360,516,7.965
360,521,7.118
361,362,5.196
361,363,7.28
361,364,6.313
361,365,5.351
361,394,6.501
361,395,7.3
361,396,7.755
362,363,4.789
362,364,6.833
362,365,5.542
362,366,6.98
362,394,6.493
362,396,5.67
362,451,7.03
363,364,3.87
363,365,5.763
363,366,4.792
363,367,6.053
363,444,7.408
363,447,7.929
363,448,6.899
363,451,7.022
363,512,6.296
364,365,4.813
364,366,6.173
364,367,5.106
364,368,6.586
364,509,5.7
364,512,5.299
364,513,6.881
365,366,5.265
365,367,6.896
365,368,6.486
365,369,7.798
365,395,6.824
365,396,4.693
365,397,7.585
366,367,4.605
366,368,6.401
366,369,5.933
366,370,6.651
366,388,7.46
366,396,6.4
366,398,6.446
366,444,6.675
366,447,7.487
367,368,3.983
367,369,5.464
367,370,5.66
367,371,6.22
367,444,6.899
367,505,5.807
367,506,7.696
367,508,6.054
367,509,5.026
367,512,7.239
368,369,3.721
368,370,6.3
368,371,4.973
368,372,7.507
368,505,7.937
368,509,5.76
369,370,3.981
369,371,6.092
369,372,5.954
369,373,5.913
369,398,6.373
369,505,7.747
370,371,6.195
370,372,7.668
370,373,4.931
370,374,6.551
370,380,7.817
370,383,7.841
370,398,7.634
370,437,7.735
370,440,6.973
370,444,7.738
370,505,4.786
371,372,6.662
371,373,7.464
371,374,5.596
371,375,6.476
371,504,7.781
371,505,5.816
371,506,4.868
371,509,6.389
372,373,4.891
372,374,7.956
372,375,5.259
372,376,4.853
372,378,7.757
373,374,5.93
373,375,7.13
373,376,6.22
373,377,7.338
373,378,4.794
373,379,7.105
373,380,7.854
373,403,7.674
374,375,5.951
374,376,7.829
374,377,7.263
374,408,6.092
374,437,5.696
374,504,6.736
374,505,5.672
374,506,7.163
375,376,3.963
375,377,7.061
376,377,5.362
376,378,6.031
377,378,5.044
377,405,7.576
377,406,5.8
377,407,4.73
377,408,5.078
378,379,5.749
378,403,5.779
378,404,5.724
378,405,5.616
378,406,6.981
379,380,5.953
379,381,5.968
379,403,6.114
379,404,4.276
379,406,5.593
379,412,7.439
379,435,7.655
379,436,6.449
379,437,6.312
379,440,6.646
380,381,5.752
380,382,4.752
380,383,5.592
380,387,7.9
380,398,7.704
380,399,6.841
380,400,7.607
380,401,6.882
380,402,6.067
380,403,5.483
380,404,7.624
380,440,6.42
381,382,5.411
381,402,6.871
381,403,7.861
381,404,6.856
381,412,6.849
381,435,5.465
381,440,7.672
382,383,5.684
382,384,6.723
382,386,7.557
382,387,6.3
382,401,6.995
382,402,7.315
382,421,7.388
383,384,4.116
383,385,7.365
383,387,6.544
383,388,7.979
383,398,7.872
383,424,7.454
383,440,5.962
383,443,4.996
383,444,6.768
383,447,6.28
384,385,3.679
384,386,4.438
384,387,4.546
384,388,6.03
384,424,6.165
384,443,7.136
384,446,7.735
384,447,5.372
384,450,7.082
385,386,4.837
385,387,5.513
385,388,4.624
385,447,5.703
385,450,5.784
385,451,7.949
386,387,4.367
386,388,7.33
386,424,7.33
387,388,4.755
387,389,7.188
387,398,7.016
387,399,5.392
387,401,6.867
388,389,4.332
388,390,7.159
388,396,6.476
388,397,7.538
388,398,5.499
388,399,6.256
389,390,4.936
389,391,7.525
389,396,6.401
389,397,5.719
389,398,6.68
389,399,6.614
390,391,3.674
390,392,7.578
390,394,7.154
390,395,6.496
390,396,5.657
390,397,7.393
391,392,4.077
391,393,6.321
391,394,6.321
391,395,4.571
391,396,6.739
391,397,7.747
392,393,4.406
392,394,7.218
392,395,6.299
393,394,5.05
393,395,5.55
394,395,5.853
394,396,7.672
395,396,4.943
395,397,6.524
396,397,4.675
396,398,7.046
397,398,5.534
397,399,7.497
398,399,3.736
398,400,6.167
399,400,4.204
399,401,4.958
400,401,5.361
400,402,7.01
400,403,5.96
401,402,4.757
401,403,6.742
402,403,3.661
402,404,6.013
403,404,4.519
403,405,7.387
404,405,5.261
404,406,6.334
404,412,7.116
405,406,7.249
406,407,4.669
406,408,6.129
406,409,6.805
406,410,5.359
406,411,6.849
406,412,7.221
406,436,7.317
407,408,4.842
407,409,6.225
407,410,5.349
408,409,4.417
408,410,6.382
408,437,6.609
409,410,3.542
409,411,6.556
409,436,7.08
409,437,7.667
410,411,4.633
410,436,7.819
411,412,6.236
411,413,6.452
411,434,5.911
411,435,7.214
411,436,6.096
412,413,4.296
412,414,5.587
412,434,7.953
412,435,5.346
413,414,3.835
413,415,7.637
413,433,5.638
413,434,5.927
413,435,6.654
414,415,4.414
414,416,5.997
414,417,7.688
414,418,6.42
414,433,4.201
414,434,7.793
414,435,6.744
415,416,4.145
415,417,5.496
415,418,5.382
415,433,7.473
416,417,3.89
416,418,5.475
416,433,6.707
417,418,3.001
417,419,6.702
417,420,7.656
417,433,7.915
418,419,5.009
418,420,5.096
418,433,6.759
419,420,5.596
419,421,7.567
420,421,5.19
420,422,6.362
420,425,6.266
420,429,6.731
420,430,6.535
420,433,7.116
421,422,4.743
421,423,6.789
421,424,5.425
421,425,5.51
422,423,5.192
422,424,7.108
422,425,5.082
422,430,6.453
422,464,5.927
422,467,7.068
423,424,4.822
423,425,7.561
423,446,7.719
423,457,7.159
423,458,4.608
423,459,5.162
423,464,6.633
423,467,7.714
424,425,6.56
424,443,6.266
424,446,5.407
424,447,7.725
424,450,7.679
424,458,6.636
425,426,3.791
425,427,6.493
425,428,7.91
425,429,5.693
425,430,5.498
425,439,7.37
425,442,6.602
425,443,7.403
426,427,3.505
426,428,4.601
426,429,4.487
426,430,5.571
426,435,7.588
426,439,5.635
426,442,4.952
426,443,7.951
427,428,4.115
427,429,5.569
427,430,5.276
427,431,6.837
427,442,6.616
427,468,5.795
427,471,6.869
427,497,5.54
428,429,4.15
428,430,6.751
428,431,6.628
428,432,6.436
428,434,5.232
428,435,7.002
428,436,7.901
428,439,6.736
428,497,7.482
428,499,6.693
429,430,4.305
429,431,5.668
429,432,6.825
429,433,5.072
429,434,5.669
429,435,5.136
429,439,7.195
430,431,4.733
430,432,7.729
430,433,7.178
430,468,6.079
431,432,3.477
431,433,6.208
431,434,7.255
431,468,6.958
432,433,6.517
432,434,5.329
433,434,5.581
433,435,6.236
434,435,5.885
434,436,7.824
435,436,5.555
435,439,5.845
436,437,4.321
436,438,5.254
436,439,4.471
436,440,6.16
436,499,7.903
437,438,4.469
437,439,5.925
437,440,4.919
437,441,6.372
437,505,6.685
438,439,5.576
438,440,6.835
438,441,5.17
438,499,5.254
438,500,6.817
438,502,4.595
438,503,6.767
438,504,7.252
438,505,7.92
439,440,4.011
439,441,5.717
439,442,6.512
439,443,6.614
439,499,7.835
439,502,7.435
440,441,5.064
440,443,5.651
440,444,7.834
440,505,7.336
441,442,6.396
441,443,5.736
441,444,5.942
441,445,7.032
441,494,4.975
441,502,5.657
441,503,6.128
441,504,7.37
441,505,5.711
441,508,7.915
442,443,5.476
442,445,6.538
442,446,6.977
442,494,5.718
442,495,4.893
442,496,7.944
442,502,6.751
443,444,5.419
443,445,4.923
443,446,4.899
443,447,6.235
443,494,7.57
444,445,4.434
444,446,6.912
444,447,5.047
444,448,5.518
444,494,7.133
444,505,6.884
444,508,7.199
445,446,3.654
445,447,5.408
445,448,4.748
445,449,7.556
445,450,7.986
445,490,7.711
445,491,5.052
445,494,5.632
445,495,5.443
446,447,5.016
446,448,6.511
446,449,6.08
446,450,5.857
446,458,6.959
446,477,7.801
446,491,7.568
446,495,6.749
447,448,5.008
447,450,4.669
447,451,5.862
448,449,6.87
448,450,6.873
448,451,5.211
448,452,6.418
448,487,6.845
448,490,7.465
448,491,5.57
449,450,5.516
449,451,7.604
449,452,5.954
449,453,5.214
449,455,7.685
449,456,6.117
449,457,7.553
449,458,6.222
449,459,7.867
449,477,5.709
449,480,6.099
449,491,7.707
450,451,5.232
450,452,7.099
450,453,6.238
450,455,5.08
450,456,6.696
450,457,7.451
450,458,6.941
451,452,4.514
451,453,6.336
451,454,6.723
451,455,7.279
452,453,3.848
452,454,5.82
452,455,7.71
452,480,5.714
452,482,7.788
452,483,6.657
453,454,5.214
453,455,4.845
453,456,4.365
453,480,6.437
454,455,6.336
455,456,4.075
455,457,6.536
456,457,4.44
456,458,6.386
456,460,7.791
457,458,3.395
457,459,7.47
457,460,6.27
458,459,4.675
458,460,6.488
458,477,7.493
459,460,6.169
459,461,7.905
459,462,5.633
459,467,6.766
459,475,7.331
459,477,5.192
460,461,4.441
460,462,5.612
461,462,3.737
461,463,5.605
462,463,4.525
462,464,6.86
462,466,6.84
462,467,6.836
463,464,5.184
463,465,5.253
463,466,5.472
463,467,7.675
464,465,5.104
464,466,7.569
464,467,6.177
465,466,4.194
465,467,6.26
466,467,5.642
466,469,5.533
466,470,5.808
467,468,6.234
467,469,6.866
467,470,5.283
467,471,5.65
468,469,6.094
468,470,7.641
468,471,5.786
468,472,5.48
468,497,7.694
469,470,4.733
469,471,7.357
469,472,5.964
469,473,5.643
470,471,4.972
470,472,7.253
470,473,5.287
470,475,5.117
470,476,7.883
471,472,5.948
471,473,7.002
471,474,6.618
471,475,6.153
471,476,5.309
471,497,6.712
472,473,5.005
472,474,7.85
472,497,6.225
473,474,6.42
473,475,7.882
474,475,6.542
474,476,5.016
475,476,4.657
475,477,6.335
476,477,6.156
476,492,5.683
476,495,5.399
477,478,5.753
477,488,7.86
477,491,7.868
477,495,6.801
478,479,5.376
478,480,6.53
478,488,6.759
479,480,4.289
479,481,7.498
479,482,6.347
479,483,4.864
479,484,7.217
479,485,6.597
479,488,5.353
479,528,7.264
480,481,5.747
480,482,5.815
480,483,4.639
480,484,7.91
480,488,6.936
481,482,4.821
481,483,7.224
481,529,6.886
482,483,3.595
482,484,5.732
482,525,5.023
482,528,4.969
482,529,5.654
483,484,3.382
483,485,6.754
483,487,5.951
483,488,7.009
483,525,6.874
483,528,6.194
484,485,5.52
484,486,6.386
484,487,4.713
484,488,7.928
484,521,6.993
484,524,6.103
484,525,6.36
484,528,6.265
485,486,5.429
485,487,6.589
485,488,5.994
485,489,5.332
485,528,7.496
486,487,5.694
486,489,5.592
486,490,7.732
486,515,5.081
486,516,7.117
487,488,6.235
487,489,6.518
487,490,5.506
487,491,5.985
487,512,7.624
487,515,7.267
488,489,5.679
488,490,7.671
488,491,4.776
488,492,5.392
489,490,5.877
489,491,7.207
489,492,6.719
489,493,7.418
490,491,4.963
490,493,5.484
490,494,6.236
490,503,7.726
490,508,6.377
490,511,7.36
490,512,7.326
491,492,5.813
491,493,6.664
491,494,6.117
491,495,5.261
492,493,5.826
492,494,7.272
492,495,5.191
492,496,6.771
493,494,3.611
493,495,6.318
493,496,4.962
493,501,7.816
493,502,6.461
493,503,5.645
494,495,4.755
494,496,6.194
494,502,5.448
494,503,5.833
495,496,6.935
496,497,7.094
496,498,6.517
496,499,7.6
496,501,5.284
496,502,5.326
497,498,6.094
497,499,7.737
498,499,3.651
498,500,4.463
498,501,4.579
498,502,6.013
499,500,4.167
499,501,5.977
499,502,4.193
500,501,3.963
500,502,5.825
501,502,5.516
501,503,7.632
502,503,5.659
503,504,4.25
503,505,7.012
503,507,5.417
503,508,6.125
504,505,4.876
504,506,4.522
504,507,3.813
504,508,5.717
505,506,5.776
505,507,7.548
505,508,5.26
506,507,4.281
506,508,5.546
506,509,5.835
506,510,6.634
507,508,5.404
507,510,7.054
507,511,7.453
508,509,5.899
508,510,7.454
508,511,5.781
508,512,6.131
509,510,5.187
509,511,6.404
509,512,5.993
509,513,5.682
510,511,4.569
510,512,7.519
510,513,5.502
510,514,5.58
511,512,4.446
511,513,6.093
511,514,4.81
511,515,5.5
512,513,5.886
512,514,7.475
512,515,5.977
513,514,5.355
513,515,7.537
514,515,5.037
514,516,7.35
514,517,5.641
515,516,3.94
515,517,7.17
516,517,6.588
516,518,7.426
516,519,5.698
516,520,5.657
516,521,5.194
516,524,7.01
517,518,4.602
517,519,7.103
518,519,4.654
519,520,3.827
519,521,7.392
519,522,7.742
519,523,5.555
519,524,6.342
520,521,4.528
520,522,4.233
520,523,3.979
520,524,6.084
521,522,4.089
521,523,6.442
521,524,5.952
521,525,6.088
522,523,4.09
522,524,6.527
522,525,5.506
522,526,6.152
523,524,4.959
523,525,6.635
523,526,5.625
523,527,6.884
524,525,5.346
524,526,6.777
524,527,4.57
524,528,6.364
525,526,4.306
525,527,6.674
525,528,5.572
525,529,5.85
526,527,6.02
526,528,7.213
526,529,5.675
526,530,6.883
527,528,4.901
527,529,7.642
527,530,7.125
527,531,6.741
528,529,5.28
528,530,6.926
528,531,5.784
529,530,4.481
529,531,6.822
530,531,4.583
