residue,resname,aci_score,hotspot_rank,hotspot_center_residue,hotspot_center_resname,direction_residue,direction_resname,distance_to_direction_A
1,MET,0.0,2,19,LEU,43,GLN,4.36182084
2,THR,0.0,5,149,ARG,51,CYS,3.45032317
3,GLU,0.0,2,19,LEU,41,ARG,3.89200437
4,TYR,0.0,1,8,VAL,6,LEU,3.69248995
5,LYS,0.0,1,8,VAL,7,VAL,4.29098042
6,LEU,0.03,1,8,VAL,8,VAL,4.30935285
7,VAL,0.04,1,8,VAL,8,VAL,1.32853717
8,VAL,0.9,1,8,VAL,,,
9,VAL,0.23,1,8,VAL,8,VAL,1.34158488
10,GLY,0.48,6,96,TYR,96,TYR,3.1520368
19,LEU,0.9,2,19,LEU,,,
20,THR,0.46,1,8,VAL,8,VAL,3.80929022
21,ILE,0.67,2,19,LEU,19,LEU,3.35128289
22,GLN,0.38,2,19,LEU,19,LEU,3.35779347
23,LEU,0.28,2,19,LEU,19,LEU,3.11135228
24,ILE,0.23,2,19,LEU,21,ILE,3.40695832
25,GLN,0.34,2,19,LEU,21,ILE,2.71061543
26,ASN,0.16,5,149,ARG,149,ARG,3.49193886
27,HIS,0.29,2,19,LEU,21,ILE,3.90489641
35,THR,0.79,4,35,THR,,,
37,GLU,0.52,4,35,THR,35,THR,3.73339604
38,ASP,0.29,4,35,THR,37,GLU,1.32429038
39,SER,0.18,1,8,VAL,56,LEU,4.15065212
40,TYR,0.3,2,19,LEU,21,ILE,4.45875162
41,ARG,0.03,2,19,LEU,40,TYR,1.32852211
42,LYS,0.03,5,149,ARG,157,TYR,3.52757495
43,GLN,0.02,2,19,LEU,41,ARG,4.49821142
44,VAL,0.02,5,149,ARG,157,TYR,3.50111568
45,VAL,0.01,8,47,ASP,47,ASP,4.21302516
46,ILE,0.0,5,149,ARG,157,TYR,3.75287756
47,ASP,0.05,8,47,ASP,,,
48,GLY,0.0,8,47,ASP,47,ASP,1.32525092
49,GLU,0.0,8,47,ASP,47,ASP,3.24510924
50,THR,0.0,5,149,ARG,44,VAL,3.54863875
51,CYS,0.01,5,149,ARG,42,LYS,3.87709337
52,LEU,0.0,2,19,LEU,41,ARG,3.9887023
53,LEU,0.0,5,149,ARG,157,TYR,4.16186088
54,ASP,0.0,1,8,VAL,56,LEU,3.92672293
55,ILE,0.12,1,8,VAL,8,VAL,3.8434828
56,LEU,0.33,1,8,VAL,8,VAL,2.88062233
59,ALA,0.52,4,35,THR,35,THR,4.03315497
60,GLY,0.0,4,35,THR,37,GLU,4.18281855
61,GLN,0.1,4,35,THR,59,ALA,3.91896683
62,GLU,0.41,4,35,THR,37,GLU,2.52168475
63,GLU,0.11,4,35,THR,62,GLU,1.32966462
64,TYR,0.29,4,35,THR,62,GLU,3.12674959
65,SER,0.02,4,35,THR,64,TYR,1.33212499
66,ALA,0.03,4,35,THR,64,TYR,3.01247689
67,MET,0.01,4,35,THR,62,GLU,3.94641876
68,ARG,0.05,4,35,THR,62,GLU,3.77723828
69,ASP,0.03,4,35,THR,71,TYR,3.3635734
70,GLN,0.02,4,35,THR,71,TYR,1.32469959
71,TYR,0.09,4,35,THR,37,GLU,4.31999363
72,MET,0.03,6,96,TYR,100,ILE,3.93170777
73,ARG,0.01,4,35,THR,71,TYR,3.37277497
74,THR,0.01,4,35,THR,71,TYR,3.63439417
75,GLY,0.04,4,35,THR,71,TYR,2.92718124
76,GLU,0.01,4,35,THR,75,GLY,1.3331459
77,GLY,0.02,1,8,VAL,79,LEU,4.31695413
78,PHE,0.0,1,8,VAL,9,VAL,4.39195959
79,LEU,0.14,1,8,VAL,8,VAL,3.58445714
80,CYS,0.11,2,19,LEU,114,VAL,2.88251088
81,VAL,0.22,1,8,VAL,8,VAL,3.92317754
82,PHE,0.3,7,143,GLU,84,ILE,4.07401976
83,ALA,0.1,7,143,GLU,84,ILE,1.33461418
84,ILE,0.37,7,143,GLU,143,GLU,4.16403566
85,ASN,0.08,3,121,PRO,121,PRO,4.29240387
86,ASN,0.07,7,143,GLU,84,ILE,3.4439926
87,THR,0.09,3,121,PRO,124,THR,3.3612935
88,LYS,0.14,6,96,TYR,92,ASP,2.90093313
89,SER,0.05,7,143,GLU,82,PHE,3.40890862
90,PHE,0.1,7,143,GLU,82,PHE,3.70168462
91,GLU,0.04,6,96,TYR,92,ASP,1.32415898
92,ASP,0.18,6,96,TYR,96,TYR,3.03331782
93,ILE,0.12,6,96,TYR,96,TYR,3.16803583
94,HIS,0.1,6,96,TYR,96,TYR,3.42460801
95,HIS,0.14,6,96,TYR,96,TYR,1.34097502
96,TYR,0.49,6,96,TYR,,,
97,ARG,0.12,6,96,TYR,96,TYR,1.32590874
98,GLU,0.14,6,96,TYR,96,TYR,3.32632259
99,GLN,0.17,6,96,TYR,96,TYR,3.38416001
100,ILE,0.22,6,96,TYR,96,TYR,3.00807247
101,LYS,0.05,6,96,TYR,100,ILE,1.32677805
102,ARG,0.12,6,96,TYR,100,ILE,3.19226738
103,VAL,0.07,6,96,TYR,100,ILE,3.3917469
104,LYS,0.09,6,96,TYR,100,ILE,3.01194904
105,ASP,0.02,6,96,TYR,102,ARG,3.19684297
106,SER,0.02,6,96,TYR,104,LYS,3.22861131
107,GLU,0.01,6,96,TYR,97,ARG,3.84435105
108,ASP,0.01,6,96,TYR,109,VAL,1.327492
109,VAL,0.03,6,96,TYR,100,ILE,3.95248201
110,PRO,0.01,6,96,TYR,109,VAL,1.34147866
111,MET,0.02,6,96,TYR,100,ILE,3.77252223
112,VAL,0.08,2,19,LEU,114,VAL,3.7514144
113,LEU,0.05,7,143,GLU,115,GLY,4.18946369
114,VAL,0.31,2,19,LEU,19,LEU,4.20139156
115,GLY,0.32,7,143,GLU,143,GLU,3.22476511
121,PRO,0.8,3,121,PRO,,,
122,SER,0.49,3,121,PRO,121,PRO,1.32858459
123,ARG,0.36,3,121,PRO,121,PRO,3.30592559
124,THR,0.19,3,121,PRO,122,SER,3.38555136
125,VAL,0.17,7,143,GLU,84,ILE,2.99211848
126,ASP,0.07,3,121,PRO,123,ARG,4.17908866
127,THR,0.14,7,143,GLU,143,GLU,2.76067582
128,LYS,0.06,7,143,GLU,127,THR,1.32395581
129,GLN,0.04,3,121,PRO,124,THR,3.82094831
130,ALA,0.02,7,143,GLU,82,PHE,3.65931606
131,GLN,0.05,7,143,GLU,141,PHE,3.87010555
132,ASP,0.03,7,143,GLU,128,LYS,2.77025125
133,LEU,0.0,6,96,TYR,93,ILE,3.83031813
134,ALA,0.01,7,143,GLU,141,PHE,3.63820794
135,ARG,0.02,7,143,GLU,131,GLN,2.85310392
136,SER,0.0,7,143,GLU,132,ASP,3.0177644
137,TYR,0.0,6,96,TYR,93,ILE,3.97303524
138,GLY,0.0,7,143,GLU,135,ARG,3.03355468
139,ILE,0.0,7,143,GLU,141,PHE,3.80175591
140,PRO,0.03,7,143,GLU,141,PHE,1.32977517
141,PHE,0.16,7,143,GLU,143,GLU,3.38652344
142,ILE,0.08,7,143,GLU,143,GLU,1.32111279
143,GLU,0.44,7,143,GLU,,,
148,THR,0.65,5,149,ARG,149,ARG,1.33141804
149,ARG,0.69,5,149,ARG,,,
150,GLN,0.31,5,149,ARG,149,ARG,1.33077647
151,GLY,0.08,5,149,ARG,149,ARG,3.06713319
152,VAL,0.14,2,19,LEU,19,LEU,3.70937906
153,ASP,0.41,5,149,ARG,149,ARG,2.85402558
154,ASP,0.05,5,149,ARG,153,ASP,1.33022479
155,ALA,0.05,5,149,ARG,153,ASP,3.19284841
156,PHE,0.09,1,8,VAL,8,VAL,3.97542363
157,TYR,0.31,5,149,ARG,153,ASP,2.88237229
158,THR,0.05,5,149,ARG,157,TYR,1.32961987
159,LEU,0.01,5,149,ARG,157,TYR,3.23951864
160,VAL,0.02,5,149,ARG,157,TYR,3.23165484
161,ARG,0.05,5,149,ARG,157,TYR,3.03567027
162,GLU,0.01,2,19,LEU,112,VAL,4.27550757
163,ILE,0.0,5,149,ARG,161,ARG,3.31237875
164,ARG,0.0,8,47,ASP,47,ASP,4.10059179
165,LYS,0.04,5,149,ARG,161,ARG,2.945815
166,HIS,0.01,5,149,ARG,165,LYS,1.31862125
167,LYS,0.0,5,149,ARG,165,LYS,3.3009797
168,GLU,0.0,5,149,ARG,165,LYS,3.34905793
169,LYS,0.0,5,149,ARG,165,LYS,3.33539593
