rank_all,rank_non_seed,residue,resname,aci_score,is_seed
1,,265,HIS,1.0,yes
2,,266,LYS,1.0,yes
3,,267,LEU,1.0,yes
4,,268,GLY,1.0,yes
5,,269,GLY,1.0,yes
6,,271,GLN,1.0,yes
7,,272,TYR,1.0,yes
8,,273,GLY,1.0,yes
9,,274,GLU,1.0,yes
10,,275,VAL,1.0,yes
11,,276,TYR,1.0,yes
12,,277,GLU,1.0,yes
13,,287,VAL,1.0,yes
14,,288,ALA,1.0,yes
15,,289,VAL,1.0,yes
16,,290,LYS,1.0,yes
17,,291,THR,1.0,yes
18,,302,PHE,1.0,yes
19,,305,GLU,1.0,yes
20,,306,ALA,1.0,yes
21,,309,MET,1.0,yes
22,,317,LEU,1.0,yes
23,,318,VAL,1.0,yes
24,,319,GLN,1.0,yes
25,,320,LEU,1.0,yes
26,,331,TYR,1.0,yes
27,,332,ILE,1.0,yes
28,,333,ILE,1.0,yes
29,,334,THR,1.0,yes
30,,335,GLU,1.0,yes
31,,336,PHE,1.0,yes
32,,337,MET,1.0,yes
33,,338,THR,1.0,yes
34,,339,TYR,1.0,yes
35,,340,GLY,1.0,yes
36,,341,ASN,1.0,yes
37,,344,ASP,1.0,yes
38,,380,HIS,1.0,yes
39,,386,ARG,1.0,yes
40,,387,ASN,1.0,yes
41,,388,CYS,1.0,yes
42,,389,LEU,1.0,yes
43,,390,VAL,1.0,yes
44,,397,LYS,1.0,yes
45,,398,VAL,1.0,yes
46,,399,ALA,1.0,yes
47,,400,ASP,1.0,yes
48,,401,PHE,1.0,yes
49,,402,GLY,1.0,yes
50,1,286,THR,0.485,no
51,2,270,GLY,0.406,no
52,3,382,ASN,0.332,no
53,4,343,LEU,0.318,no
54,5,310,LYS,0.316,no
55,6,315,PRO,0.298,no
56,7,348,GLU,0.296,no
57,8,381,ARG,0.289,no
58,9,293,LYS,0.273,no
59,10,292,LEU,0.259,no
60,11,391,GLY,0.234,no
61,12,346,LEU,0.221,no
62,13,314,HIS,0.219,no
63,14,321,LEU,0.217,no
64,15,311,GLU,0.216,no
65,16,322,GLY,0.21,no
66,17,278,GLY,0.201,no
67,18,316,ASN,0.192,no
68,19,403,LEU,0.171,no
69,20,384,ALA,0.149,no
70,21,324,CYS,0.136,no
71,22,345,TYR,0.135,no
72,23,330,PHE,0.13,no
73,24,347,ARG,0.128,no
74,25,392,GLU,0.128,no
75,26,308,VAL,0.125,no
76,27,254,TRP,0.116,no
77,28,312,ILE,0.115,no
78,29,256,MET,0.113,no
79,30,396,VAL,0.112,no
80,31,264,LYS,0.111,no
81,32,342,LEU,0.11,no
82,33,245,TYR,0.096,no
83,34,379,ILE,0.096,no
84,35,383,LEU,0.096,no
85,36,440,ASP,0.096,no
86,37,299,VAL,0.094,no
87,38,307,ALA,0.093,no
88,39,303,LEU,0.092,no
89,40,304,LYS,0.091,no
90,41,301,GLU,0.087,no
91,42,300,GLU,0.085,no
92,43,298,GLU,0.084,no
93,44,285,LEU,0.072,no
94,45,323,VAL,0.072,no
95,46,385,ALA,0.066,no
96,47,368,SER,0.058,no
97,48,412,TYR,0.051,no
98,49,262,THR,0.048,no
99,50,393,ASN,0.044,no
100,51,296,THR,0.04,no
101,52,297,MET,0.034,no
102,53,313,LYS,0.032,no
103,54,395,LEU,0.028,no
104,55,294,GLU,0.027,no
105,56,394,HIS,0.027,no
106,57,455,GLY,0.026,no
107,58,349,CYS,0.024,no
108,59,261,ILE,0.023,no
109,60,280,TRP,0.022,no
110,61,370,MET,0.021,no
111,62,404,SER,0.02,no
112,63,369,ALA,0.018,no
113,64,437,ILE,0.018,no
114,65,442,TRP,0.017,no
115,66,367,SER,0.016,no
116,67,438,LYS,0.015,no
117,68,257,GLU,0.014,no
118,69,279,VAL,0.014,no
119,70,450,GLU,0.014,no
120,71,453,THR,0.014,no
121,72,283,TYR,0.013,no
122,73,240,ASN,0.012,no
123,74,295,ASP,0.012,no
124,75,365,GLN,0.012,no
125,76,366,ILE,0.012,no
126,77,263,MET,0.011,no
127,78,353,GLU,0.011,no
128,79,411,THR,0.011,no
129,80,441,VAL,0.011,no
130,81,372,TYR,0.01,no
131,82,435,PHE,0.01,no
132,83,255,GLU,0.009,no
133,84,436,SER,0.009,no
134,85,439,SER,0.009,no
135,86,259,THR,0.008,no
136,87,371,GLU,0.007,no
137,88,378,PHE,0.007,no
138,89,444,PHE,0.007,no
139,90,456,MET,0.007,no
140,91,443,ALA,0.006,no
141,92,364,THR,0.005,no
142,93,350,ASN,0.004,no
143,94,351,ARG,0.004,no
144,95,445,GLY,0.004,no
145,96,260,ASP,0.003,no
146,97,282,LYS,0.003,no
147,98,325,THR,0.003,no
148,99,355,ASN,0.003,no
149,100,362,MET,0.003,no
150,101,424,TRP,0.003,no
151,102,434,LYS,0.003,no
152,103,452,ALA,0.003,no
153,104,117,GLU,0.002,no
154,105,158,TYR,0.002,no
155,106,161,SER,0.002,no
156,107,281,LYS,0.002,no
157,108,358,VAL,0.002,no
158,109,361,TYR,0.002,no
159,110,363,ALA,0.002,no
160,111,374,GLU,0.002,no
161,112,375,LYS,0.002,no
162,113,405,ARG,0.002,no
163,114,446,VAL,0.002,no
164,115,448,LEU,0.002,no
165,116,495,TRP,0.002,no
166,117,505,PHE,0.002,no
167,118,509,HIS,0.002,no
168,119,115,ASN,0.001,no
169,120,132,SER,0.001,no
170,121,160,LEU,0.001,no
171,122,162,SER,0.001,no
172,123,239,ARG,0.001,no
173,124,241,LYS,0.001,no
174,125,258,ARG,0.001,no
175,126,284,SER,0.001,no
176,127,326,ARG,0.001,no
177,128,352,GLN,0.001,no
178,129,354,VAL,0.001,no
179,130,357,VAL,0.001,no
180,131,359,LEU,0.001,no
181,132,422,ILE,0.001,no
182,133,429,SER,0.001,no
183,134,451,ILE,0.001,no
184,135,454,TYR,0.001,no
185,136,497,TRP,0.001,no
186,137,499,PRO,0.001,no
187,138,501,ASP,0.001,no
188,139,502,ARG,0.001,no
189,140,506,ALA,0.001,no
190,141,81,ASP,0.0,no
191,142,82,PRO,0.0,no
192,143,83,ASN,0.0,no
193,144,84,LEU,0.0,no
194,145,85,PHE,0.0,no
195,146,86,VAL,0.0,no
196,147,87,ALA,0.0,no
197,148,88,LEU,0.0,no
198,149,89,TYR,0.0,no
199,150,90,ASP,0.0,no
200,151,91,PHE,0.0,no
201,152,92,VAL,0.0,no
202,153,93,ALA,0.0,no
203,154,94,SER,0.0,no
204,155,95,GLY,0.0,no
205,156,96,ASP,0.0,no
206,157,97,ASN,0.0,no
207,158,98,THR,0.0,no
208,159,99,LEU,0.0,no
209,160,100,SER,0.0,no
210,161,101,ILE,0.0,no
211,162,102,THR,0.0,no
212,163,103,LYS,0.0,no
213,164,104,GLY,0.0,no
214,165,105,GLU,0.0,no
215,166,106,LYS,0.0,no
216,167,107,LEU,0.0,no
217,168,108,ARG,0.0,no
218,169,109,VAL,0.0,no
219,170,110,LEU,0.0,no
220,171,111,GLY,0.0,no
221,172,112,TYR,0.0,no
222,173,113,ASN,0.0,no
223,174,114,HIS,0.0,no
224,175,116,GLY,0.0,no
225,176,118,TRP,0.0,no
226,177,119,CYS,0.0,no
227,178,120,GLU,0.0,no
228,179,121,ALA,0.0,no
229,180,122,GLN,0.0,no
230,181,123,THR,0.0,no
231,182,124,LYS,0.0,no
232,183,125,ASN,0.0,no
233,184,126,GLY,0.0,no
234,185,127,GLN,0.0,no
235,186,128,GLY,0.0,no
236,187,129,TRP,0.0,no
237,188,130,VAL,0.0,no
238,189,131,PRO,0.0,no
239,190,133,ASN,0.0,no
240,191,134,TYR,0.0,no
241,192,135,ILE,0.0,no
242,193,136,THR,0.0,no
243,194,137,PRO,0.0,no
244,195,138,VAL,0.0,no
245,196,139,ASN,0.0,no
246,197,140,SER,0.0,no
247,198,141,LEU,0.0,no
248,199,142,GLU,0.0,no
249,200,143,LYS,0.0,no
250,201,144,HIS,0.0,no
251,202,145,SER,0.0,no
252,203,146,TRP,0.0,no
253,204,147,TYR,0.0,no
254,205,148,HIS,0.0,no
255,206,149,GLY,0.0,no
256,207,150,PRO,0.0,no
257,208,151,VAL,0.0,no
258,209,152,SER,0.0,no
259,210,153,ARG,0.0,no
260,211,154,ASN,0.0,no
261,212,155,ALA,0.0,no
262,213,156,ALA,0.0,no
263,214,157,GLU,0.0,no
264,215,159,LEU,0.0,no
265,216,163,GLY,0.0,no
266,217,164,ILE,0.0,no
267,218,165,ASN,0.0,no
268,219,166,GLY,0.0,no
269,220,167,SER,0.0,no
270,221,168,PHE,0.0,no
271,222,169,LEU,0.0,no
272,223,170,VAL,0.0,no
273,224,171,ARG,0.0,no
274,225,172,GLU,0.0,no
275,226,173,SER,0.0,no
276,227,174,GLU,0.0,no
277,228,175,SER,0.0,no
278,229,176,SER,0.0,no
279,230,177,PRO,0.0,no
280,231,178,GLY,0.0,no
281,232,179,GLN,0.0,no
282,233,180,ARG,0.0,no
283,234,181,SER,0.0,no
284,235,182,ILE,0.0,no
285,236,183,SER,0.0,no
286,237,184,LEU,0.0,no
287,238,185,ARG,0.0,no
288,239,186,TYR,0.0,no
289,240,187,GLU,0.0,no
290,241,188,GLY,0.0,no
291,242,189,ARG,0.0,no
292,243,190,VAL,0.0,no
293,244,191,TYR,0.0,no
294,245,192,HIS,0.0,no
295,246,193,TYR,0.0,no
296,247,194,ARG,0.0,no
297,248,195,ILE,0.0,no
298,249,196,ASN,0.0,no
299,250,197,THR,0.0,no
300,251,198,ALA,0.0,no
301,252,199,SER,0.0,no
302,253,200,ASP,0.0,no
303,254,201,GLY,0.0,no
304,255,202,LYS,0.0,no
305,256,203,LEU,0.0,no
306,257,204,TYR,0.0,no
307,258,205,VAL,0.0,no
308,259,206,SER,0.0,no
309,260,207,SER,0.0,no
310,261,208,GLU,0.0,no
311,262,209,SER,0.0,no
312,263,210,ARG,0.0,no
313,264,211,PHE,0.0,no
314,265,212,ASN,0.0,no
315,266,213,THR,0.0,no
316,267,214,LEU,0.0,no
317,268,215,ALA,0.0,no
318,269,216,GLU,0.0,no
319,270,217,LEU,0.0,no
320,271,218,VAL,0.0,no
321,272,219,HIS,0.0,no
322,273,220,HIS,0.0,no
323,274,221,HIS,0.0,no
324,275,222,SER,0.0,no
325,276,223,THR,0.0,no
326,277,224,VAL,0.0,no
327,278,225,ALA,0.0,no
328,279,226,ASP,0.0,no
329,280,227,GLY,0.0,no
330,281,228,LEU,0.0,no
331,282,229,ILE,0.0,no
332,283,230,THR,0.0,no
333,284,231,THR,0.0,no
334,285,232,LEU,0.0,no
335,286,233,HIS,0.0,no
336,287,234,TYR,0.0,no
337,288,235,PRO,0.0,no
338,289,236,ALA,0.0,no
339,290,237,PRO,0.0,no
340,291,238,LYS,0.0,no
341,292,242,PRO,0.0,no
342,293,243,THR,0.0,no
343,294,244,VAL,0.0,no
344,295,246,GLY,0.0,no
345,296,247,VAL,0.0,no
346,297,248,SER,0.0,no
347,298,249,PRO,0.0,no
348,299,250,ASN,0.0,no
349,300,251,TYR,0.0,no
350,301,252,ASP,0.0,no
351,302,253,LYS,0.0,no
352,303,327,GLU,0.0,no
353,304,328,PRO,0.0,no
354,305,329,PRO,0.0,no
355,306,356,ALA,0.0,no
356,307,360,LEU,0.0,no
357,308,373,LEU,0.0,no
358,309,376,LYS,0.0,no
359,310,377,ASN,0.0,no
360,311,406,LEU,0.0,no
361,312,407,MET,0.0,no
362,313,408,THR,0.0,no
363,314,409,GLY,0.0,no
364,315,410,ASP,0.0,no
365,316,413,THR,0.0,no
366,317,414,ALA,0.0,no
367,318,415,HIS,0.0,no
368,319,416,ALA,0.0,no
369,320,417,GLY,0.0,no
370,321,418,ALA,0.0,no
371,322,419,LYS,0.0,no
372,323,420,PHE,0.0,no
373,324,421,PRO,0.0,no
374,325,423,LYS,0.0,no
375,326,425,THR,0.0,no
376,327,426,ALA,0.0,no
377,328,427,PRO,0.0,no
378,329,428,GLU,0.0,no
379,330,430,LEU,0.0,no
380,331,431,ALA,0.0,no
381,332,432,TYR,0.0,no
382,333,433,ASN,0.0,no
383,334,447,LEU,0.0,no
384,335,449,TRP,0.0,no
385,336,457,SER,0.0,no
386,337,458,PRO,0.0,no
387,338,459,TYR,0.0,no
388,339,460,PRO,0.0,no
389,340,461,GLY,0.0,no
390,341,462,ILE,0.0,no
391,342,463,ASP,0.0,no
392,343,464,LEU,0.0,no
393,344,465,SER,0.0,no
394,345,466,GLN,0.0,no
395,346,467,VAL,0.0,no
396,347,468,TYR,0.0,no
397,348,469,GLU,0.0,no
398,349,470,LEU,0.0,no
399,350,471,LEU,0.0,no
400,351,472,GLU,0.0,no
401,352,473,LYS,0.0,no
402,353,474,ASP,0.0,no
403,354,475,TYR,0.0,no
404,355,476,ARG,0.0,no
405,356,477,MET,0.0,no
406,357,478,GLU,0.0,no
407,358,479,ARG,0.0,no
408,359,480,PRO,0.0,no
409,360,481,GLU,0.0,no
410,361,482,GLY,0.0,no
411,362,483,CYS,0.0,no
412,363,484,PRO,0.0,no
413,364,485,GLU,0.0,no
414,365,486,LYS,0.0,no
415,366,487,VAL,0.0,no
416,367,488,TYR,0.0,no
417,368,489,GLU,0.0,no
418,369,490,LEU,0.0,no
419,370,491,MET,0.0,no
420,371,492,ARG,0.0,no
421,372,493,ALA,0.0,no
422,373,494,CYS,0.0,no
423,374,496,GLN,0.0,no
424,375,498,ASN,0.0,no
425,376,500,SER,0.0,no
426,377,503,PRO,0.0,no
427,378,504,SER,0.0,no
428,379,507,GLU,0.0,no
429,380,508,ILE,0.0,no
430,381,510,GLN,0.0,no
431,382,511,ALA,0.0,no
432,383,512,PHE,0.0,no
433,384,513,GLU,0.0,no
434,385,514,THR,0.0,no
435,386,515,MET,0.0,no
436,387,516,PHE,0.0,no
437,388,517,GLN,0.0,no
438,389,518,GLU,0.0,no
439,390,519,SER,0.0,no
440,391,520,SER,0.0,no
441,392,521,ILE,0.0,no
442,393,522,SER,0.0,no
443,394,523,ASP,0.0,no
444,395,524,GLU,0.0,no
445,396,525,VAL,0.0,no
446,397,526,GLU,0.0,no
447,398,527,LYS,0.0,no
448,399,528,GLU,0.0,no
449,400,529,LEU,0.0,no
450,401,530,GLY,0.0,no
451,402,531,LYS,0.0,no
