residue_i,resname_i,residue_j,resname_j,propagation_probability
2,THR,3,GLU,0.76034896
2,THR,52,LEU,0.51045834
3,GLU,2,THR,0.67080701
3,GLU,4,TYR,0.67080701
3,GLU,52,LEU,0.67080701
4,TYR,3,GLU,0.56540179
4,TYR,5,LYS,0.34075937
4,TYR,52,LEU,0.34075937
4,TYR,54,ASP,0.34075937
4,TYR,76,GLU,0.34075937
5,LYS,4,TYR,0.42624658
5,LYS,54,ASP,0.42624658
5,LYS,76,GLU,0.67080701
5,LYS,77,GLY,0.42624658
6,LEU,7,VAL,0.46473857
6,LEU,54,ASP,0.7134952
6,LEU,55,ILE,0.46473857
6,LEU,56,LEU,0.46473857
6,LEU,77,GLY,0.46473857
7,VAL,6,LEU,0.51045834
7,VAL,77,GLY,0.51045834
7,VAL,78,PHE,0.51045834
7,VAL,79,LEU,0.51045834
8,VAL,56,LEU,0.51045834
8,VAL,58,THR,0.94256738
9,VAL,10,GLY,0.51045834
9,VAL,79,LEU,0.76034896
9,VAL,81,VAL,0.51045834
10,GLY,9,VAL,0.7134952
10,GLY,16,LYS,0.917915
10,GLY,81,VAL,0.7134952
10,GLY,96,TYR,0.917915
11,ALA,12,GLY,0.63212056
11,ALA,13,GLY,0.63212056
11,ALA,14,VAL,0.95021293
11,ALA,16,LYS,0.63212056
11,ALA,96,TYR,0.63212056
12,GLY,11,ALA,0.7134952
12,GLY,14,VAL,0.7134952
13,GLY,11,ALA,0.7134952
13,GLY,15,GLY,0.7134952
13,GLY,117,LYS,0.917915
14,VAL,11,ALA,0.88268083
14,VAL,12,GLY,0.51045834
14,VAL,15,GLY,0.51045834
14,VAL,116,ASN,0.51045834
15,GLY,13,GLY,0.7134952
15,GLY,14,VAL,0.7134952
15,GLY,17,SER,0.7134952
15,GLY,18,ALA,0.7134952
15,GLY,19,LEU,0.97648225
16,LYS,10,GLY,0.67080701
16,LYS,11,ALA,0.42624658
16,LYS,17,SER,0.42624658
16,LYS,18,ALA,0.42624658
16,LYS,20,THR,0.67080701
16,LYS,57,ASP,0.42624658
16,LYS,58,THR,0.42624658
17,SER,15,GLY,0.56540179
17,SER,16,LYS,0.56540179
17,SER,18,ALA,0.56540179
17,SER,19,LEU,0.8111244
17,SER,20,THR,0.56540179
17,SER,21,ILE,0.8111244
17,SER,32,TYR,0.56540179
17,SER,57,ASP,0.917915
18,ALA,15,GLY,0.63212056
18,ALA,16,LYS,0.63212056
18,ALA,17,SER,0.63212056
18,ALA,19,LEU,0.63212056
18,ALA,20,THR,0.63212056
18,ALA,22,GLN,0.63212056
19,LEU,15,GLY,0.84664503
19,LEU,17,SER,0.7134952
19,LEU,18,ALA,0.46473857
19,LEU,20,THR,0.46473857
19,LEU,21,ILE,0.46473857
19,LEU,22,GLN,0.46473857
19,LEU,23,LEU,0.46473857
20,THR,16,LYS,0.76034896
20,THR,17,SER,0.51045834
20,THR,18,ALA,0.51045834
20,THR,19,LEU,0.51045834
20,THR,21,ILE,0.51045834
20,THR,22,GLN,0.51045834
20,THR,23,LEU,0.51045834
20,THR,24,ILE,0.76034896
21,ILE,17,SER,0.7134952
21,ILE,19,LEU,0.46473857
21,ILE,20,THR,0.46473857
21,ILE,22,GLN,0.46473857
21,ILE,23,LEU,0.46473857
21,ILE,25,GLN,0.7134952
21,ILE,26,ASN,0.46473857
22,GLN,18,ALA,0.42624658
22,GLN,19,LEU,0.42624658
22,GLN,20,THR,0.42624658
22,GLN,21,ILE,0.42624658
22,GLN,23,LEU,0.42624658
22,GLN,24,ILE,0.42624658
22,GLN,26,ASN,0.67080701
22,GLN,27,HIS,0.42624658
22,GLN,146,ALA,0.67080701
22,GLN,149,ARG,0.67080701
23,LEU,19,LEU,0.46473857
23,LEU,20,THR,0.46473857
23,LEU,21,ILE,0.46473857
23,LEU,22,GLN,0.46473857
23,LEU,24,ILE,0.46473857
24,ILE,20,THR,0.7134952
24,ILE,22,GLN,0.46473857
24,ILE,23,LEU,0.46473857
24,ILE,25,GLN,0.46473857
25,GLN,21,ILE,0.67080701
25,GLN,24,ILE,0.42624658
25,GLN,26,ASN,0.67080701
25,GLN,27,HIS,0.89163198
26,ASN,21,ILE,0.46473857
26,ASN,22,GLN,0.7134952
26,ASN,25,GLN,0.7134952
26,ASN,27,HIS,0.7134952
27,HIS,22,GLN,0.39346934
27,HIS,25,GLN,0.86466472
27,HIS,26,ASN,0.63212056
27,HIS,28,PHE,0.39346934
27,HIS,29,VAL,0.63212056
28,PHE,27,HIS,0.36526358
28,PHE,146,ALA,0.36526358
29,VAL,27,HIS,0.76034896
29,VAL,31,GLU,0.51045834
30,ASP,31,GLU,0.7134952
31,GLU,29,VAL,0.42624658
31,GLU,30,ASP,0.67080701
31,GLU,32,TYR,0.42624658
32,TYR,17,SER,0.34075937
32,TYR,31,GLU,0.34075937
32,TYR,34,PRO,0.34075937
32,TYR,36,ILE,0.34075937
32,TYR,40,TYR,0.34075937
33,ASP,34,PRO,0.917915
33,ASP,35,THR,0.917915
33,ASP,36,ILE,0.46473857
34,PRO,32,TYR,0.51045834
34,PRO,33,ASP,0.94256738
34,PRO,35,THR,0.51045834
35,THR,33,ASP,0.94256738
35,THR,34,PRO,0.51045834
36,ILE,32,TYR,0.46473857
36,ILE,33,ASP,0.46473857
36,ILE,37,GLU,0.7134952
37,GLU,36,ILE,0.67080701
37,GLU,38,ASP,0.42624658
37,GLU,57,ASP,0.42624658
37,GLU,58,THR,0.42624658
37,GLU,59,ALA,0.42624658
37,GLU,62,GLU,0.93782348
38,ASP,37,GLU,0.46473857
38,ASP,39,SER,0.84664503
38,ASP,57,ASP,0.46473857
39,SER,38,ASP,0.917915
39,SER,40,TYR,0.96432601
39,SER,41,ARG,0.56540179
39,SER,55,ILE,0.8111244
40,TYR,32,TYR,0.34075937
40,TYR,39,SER,0.8111244
40,TYR,41,ARG,0.34075937
40,TYR,55,ILE,0.56540179
41,ARG,39,SER,0.36526358
41,ARG,40,TYR,0.36526358
41,ARG,42,LYS,0.74427084
41,ARG,53,LEU,0.36526358
41,ARG,54,ASP,0.36526358
42,LYS,41,ARG,0.8111244
42,LYS,43,GLN,0.67080701
42,LYS,53,LEU,0.67080701
43,GLN,42,LYS,0.86466472
43,GLN,44,VAL,0.98168436
43,GLN,51,CYS,0.63212056
44,VAL,43,GLN,0.94256738
44,VAL,45,VAL,0.76034896
44,VAL,51,CYS,0.88268083
45,VAL,44,VAL,0.76034896
45,VAL,46,ILE,0.76034896
46,ILE,45,VAL,0.7134952
46,ILE,47,ASP,0.7134952
46,ILE,48,GLY,0.7134952
46,ILE,49,GLU,0.84664503
46,ILE,164,ARG,0.46473857
47,ASP,46,ILE,0.7134952
47,ASP,49,GLU,0.7134952
47,ASP,161,ARG,0.917915
48,GLY,46,ILE,0.917915
49,GLU,46,ILE,0.8111244
49,GLU,47,ASP,0.67080701
49,GLU,164,ARG,0.42624658
51,CYS,43,GLN,0.56540179
51,CYS,44,VAL,0.917915
51,CYS,52,LEU,0.56540179
51,CYS,164,ARG,0.8111244
52,LEU,2,THR,0.46473857
52,LEU,3,GLU,0.7134952
52,LEU,4,TYR,0.46473857
52,LEU,51,CYS,0.46473857
53,LEU,41,ARG,0.46473857
53,LEU,42,LYS,0.7134952
53,LEU,54,ASP,0.46473857
54,ASP,4,TYR,0.46473857
54,ASP,5,LYS,0.46473857
54,ASP,6,LEU,0.7134952
54,ASP,41,ARG,0.46473857
54,ASP,53,LEU,0.46473857
55,ILE,6,LEU,0.46473857
55,ILE,39,SER,0.7134952
55,ILE,40,TYR,0.7134952
56,LEU,6,LEU,0.46473857
56,LEU,8,VAL,0.46473857
57,ASP,16,LYS,0.46473857
57,ASP,17,SER,0.84664503
57,ASP,37,GLU,0.46473857
57,ASP,38,ASP,0.46473857
58,THR,8,VAL,0.94256738
58,THR,16,LYS,0.51045834
58,THR,37,GLU,0.51045834
58,THR,59,ALA,0.76034896
59,ALA,37,GLU,0.63212056
59,ALA,58,THR,0.86466472
61,GLN,62,GLU,0.42624658
62,GLU,37,GLU,0.93782348
62,GLU,61,GLN,0.42624658
62,GLU,63,GLU,0.42624658
62,GLU,64,TYR,0.8111244
62,GLU,71,TYR,0.42624658
63,GLU,62,GLU,0.42624658
63,GLU,64,TYR,0.42624658
64,TYR,62,GLU,0.7134952
64,TYR,63,GLU,0.34075937
64,TYR,65,SER,0.34075937
64,TYR,66,ALA,0.56540179
64,TYR,67,MET,0.56540179
65,SER,64,TYR,0.56540179
65,SER,66,ALA,0.8111244
65,SER,67,MET,0.8111244
65,SER,68,ARG,0.8111244
65,SER,69,ASP,0.56540179
66,ALA,64,TYR,0.86466472
66,ALA,65,SER,0.86466472
66,ALA,67,MET,0.63212056
66,ALA,68,ARG,0.63212056
66,ALA,70,GLN,0.63212056
67,MET,64,TYR,0.7134952
67,MET,65,SER,0.7134952
67,MET,66,ALA,0.46473857
67,MET,68,ARG,0.46473857
67,MET,69,ASP,0.46473857
67,MET,70,GLN,0.46473857
67,MET,71,TYR,0.46473857
68,ARG,65,SER,0.59710968
68,ARG,66,ALA,0.36526358
68,ARG,67,MET,0.36526358
68,ARG,69,ASP,0.83767939
68,ARG,70,GLN,0.59710968
68,ARG,71,TYR,0.36526358
68,ARG,72,MET,0.36526358
68,ARG,99,GLN,0.36526358
69,ASP,65,SER,0.46473857
69,ASP,67,MET,0.46473857
69,ASP,68,ARG,0.917915
69,ASP,70,GLN,0.46473857
69,ASP,71,TYR,0.46473857
69,ASP,72,MET,0.46473857
69,ASP,73,ARG,0.7134952
69,ASP,103,VAL,0.46473857
70,GLN,66,ALA,0.42624658
70,GLN,67,MET,0.42624658
70,GLN,68,ARG,0.67080701
70,GLN,69,ASP,0.42624658
70,GLN,71,TYR,0.42624658
70,GLN,72,MET,0.67080701
70,GLN,73,ARG,0.42624658
70,GLN,74,THR,0.67080701
71,TYR,62,GLU,0.34075937
71,TYR,67,MET,0.34075937
71,TYR,68,ARG,0.34075937
71,TYR,69,ASP,0.34075937
71,TYR,70,GLN,0.34075937
71,TYR,72,MET,0.34075937
71,TYR,73,ARG,0.34075937
71,TYR,75,GLY,0.34075937
72,MET,68,ARG,0.46473857
72,MET,69,ASP,0.46473857
72,MET,70,GLN,0.7134952
72,MET,71,TYR,0.46473857
72,MET,73,ARG,0.46473857
72,MET,74,THR,0.46473857
72,MET,104,LYS,0.7134952
73,ARG,69,ASP,0.59710968
73,ARG,70,GLN,0.36526358
73,ARG,71,TYR,0.36526358
73,ARG,72,MET,0.36526358
73,ARG,74,THR,0.36526358
73,ARG,75,GLY,0.36526358
73,ARG,104,LYS,0.36526358
74,THR,70,GLN,0.76034896
74,THR,72,MET,0.51045834
74,THR,73,ARG,0.51045834
74,THR,75,GLY,0.76034896
75,GLY,71,TYR,0.7134952
75,GLY,73,ARG,0.7134952
75,GLY,74,THR,0.917915
75,GLY,104,LYS,0.7134952
76,GLU,4,TYR,0.42624658
76,GLU,5,LYS,0.67080701
76,GLU,77,GLY,0.42624658
76,GLU,110,PRO,0.67080701
77,GLY,5,LYS,0.7134952
77,GLY,6,LEU,0.7134952
77,GLY,7,VAL,0.7134952
77,GLY,76,GLU,0.7134952
77,GLY,78,PHE,0.7134952
77,GLY,110,PRO,0.7134952
78,PHE,7,VAL,0.36526358
78,PHE,77,GLY,0.36526358
78,PHE,79,LEU,0.36526358
78,PHE,110,PRO,0.36526358
78,PHE,111,MET,0.36526358
78,PHE,112,VAL,0.36526358
79,LEU,7,VAL,0.46473857
79,LEU,9,VAL,0.7134952
79,LEU,78,PHE,0.46473857
80,CYS,112,VAL,0.56540179
80,CYS,114,VAL,0.56540179
81,VAL,9,VAL,0.51045834
81,VAL,10,GLY,0.51045834
81,VAL,82,PHE,0.76034896
82,PHE,81,VAL,0.59710968
82,PHE,83,ALA,0.36526358
82,PHE,114,VAL,0.74427084
82,PHE,116,ASN,0.36526358
83,ALA,82,PHE,0.63212056
83,ALA,84,ILE,0.63212056
83,ALA,85,ASN,0.86466472
83,ALA,86,ASN,0.86466472
83,ALA,89,SER,0.63212056
84,ILE,83,ALA,0.46473857
84,ILE,116,ASN,0.46473857
84,ILE,124,THR,0.46473857
84,ILE,125,VAL,0.46473857
85,ASN,83,ALA,0.7134952
85,ASN,86,ASN,0.46473857
85,ASN,124,THR,0.46473857
86,ASN,83,ALA,0.7134952
86,ASN,85,ASN,0.46473857
86,ASN,87,THR,0.46473857
86,ASN,88,LYS,0.84664503
86,ASN,89,SER,0.84664503
86,ASN,90,PHE,0.46473857
86,ASN,124,THR,0.46473857
87,THR,86,ASN,0.51045834
87,THR,88,LYS,0.51045834
87,THR,89,SER,0.76034896
87,THR,90,PHE,0.76034896
87,THR,91,GLU,0.51045834
87,THR,124,THR,0.51045834
88,LYS,86,ASN,0.8111244
88,LYS,87,THR,0.42624658
88,LYS,89,SER,0.42624658
88,LYS,90,PHE,0.67080701
88,LYS,91,GLU,0.42624658
88,LYS,92,ASP,0.8111244
89,SER,83,ALA,0.56540179
89,SER,86,ASN,0.917915
89,SER,87,THR,0.8111244
89,SER,88,LYS,0.56540179
89,SER,90,PHE,0.8111244
90,PHE,86,ASN,0.36526358
90,PHE,87,THR,0.59710968
90,PHE,88,LYS,0.59710968
90,PHE,89,SER,0.59710968
90,PHE,91,GLU,0.36526358
90,PHE,92,ASP,0.59710968
90,PHE,93,ILE,0.74427084
91,GLU,87,THR,0.42624658
91,GLU,88,LYS,0.42624658
91,GLU,90,PHE,0.42624658
91,GLU,92,ASP,0.42624658
91,GLU,93,ILE,0.67080701
91,GLU,94,HIS,0.8111244
92,ASP,88,LYS,0.84664503
92,ASP,90,PHE,0.7134952
92,ASP,91,GLU,0.46473857
92,ASP,93,ILE,0.46473857
92,ASP,94,HIS,0.7134952
92,ASP,95,HIS,0.7134952
92,ASP,96,TYR,0.7134952
93,ILE,90,PHE,0.84664503
93,ILE,91,GLU,0.7134952
93,ILE,92,ASP,0.46473857
93,ILE,94,HIS,0.46473857
93,ILE,95,HIS,0.7134952
93,ILE,96,TYR,0.46473857
93,ILE,97,ARG,0.46473857
94,HIS,91,GLU,0.77686984
94,HIS,92,ASP,0.63212056
94,HIS,93,ILE,0.39346934
94,HIS,95,HIS,0.39346934
94,HIS,98,GLU,0.39346934
95,HIS,92,ASP,0.63212056
95,HIS,93,ILE,0.63212056
95,HIS,94,HIS,0.39346934
95,HIS,96,TYR,0.39346934
95,HIS,97,ARG,0.39346934
95,HIS,98,GLU,0.39346934
95,HIS,99,GLN,0.63212056
96,TYR,10,GLY,0.56540179
96,TYR,11,ALA,0.34075937
96,TYR,92,ASP,0.56540179
96,TYR,93,ILE,0.34075937
96,TYR,95,HIS,0.34075937
96,TYR,97,ARG,0.34075937
96,TYR,98,GLU,0.34075937
96,TYR,99,GLN,0.34075937
96,TYR,100,ILE,0.7134952
97,ARG,93,ILE,0.36526358
97,ARG,95,HIS,0.36526358
97,ARG,96,TYR,0.36526358
97,ARG,98,GLU,0.36526358
97,ARG,99,GLN,0.36526358
97,ARG,101,LYS,0.59710968
97,ARG,109,VAL,0.36526358
97,ARG,111,MET,0.36526358
98,GLU,94,HIS,0.42624658
98,GLU,95,HIS,0.42624658
98,GLU,96,TYR,0.42624658
98,GLU,97,ARG,0.42624658
98,GLU,99,GLN,0.42624658
98,GLU,100,ILE,0.42624658
98,GLU,101,LYS,0.42624658
98,GLU,102,ARG,0.93782348
99,GLN,68,ARG,0.42624658
99,GLN,95,HIS,0.67080701
99,GLN,96,TYR,0.42624658
99,GLN,97,ARG,0.42624658
99,GLN,98,GLU,0.42624658
99,GLN,100,ILE,0.42624658
99,GLN,101,LYS,0.42624658
99,GLN,102,ARG,0.42624658
99,GLN,103,VAL,0.67080701
100,ILE,96,TYR,0.84664503
100,ILE,98,GLU,0.46473857
100,ILE,99,GLN,0.46473857
100,ILE,101,LYS,0.46473857
100,ILE,102,ARG,0.7134952
100,ILE,103,VAL,0.46473857
100,ILE,104,LYS,0.7134952
101,LYS,97,ARG,0.67080701
101,LYS,98,GLU,0.42624658
101,LYS,99,GLN,0.42624658
101,LYS,100,ILE,0.42624658
101,LYS,102,ARG,0.42624658
101,LYS,105,ASP,0.67080701
101,LYS,106,SER,0.67080701
102,ARG,98,GLU,0.8969692
102,ARG,99,GLN,0.36526358
102,ARG,100,ILE,0.59710968
102,ARG,101,LYS,0.36526358
102,ARG,103,VAL,0.36526358
102,ARG,104,LYS,0.36526358
102,ARG,105,ASP,0.36526358
103,VAL,69,ASP,0.51045834
103,VAL,99,GLN,0.76034896
103,VAL,100,ILE,0.51045834
103,VAL,102,ARG,0.51045834
103,VAL,104,LYS,0.51045834
103,VAL,105,ASP,0.51045834
104,LYS,72,MET,0.67080701
104,LYS,73,ARG,0.42624658
104,LYS,75,GLY,0.42624658
104,LYS,100,ILE,0.67080701
104,LYS,102,ARG,0.42624658
104,LYS,103,VAL,0.42624658
104,LYS,105,ASP,0.67080701
104,LYS,106,SER,0.67080701
105,ASP,101,LYS,0.7134952
105,ASP,102,ARG,0.46473857
105,ASP,103,VAL,0.46473857
105,ASP,104,LYS,0.7134952
105,ASP,106,SER,0.46473857
106,SER,101,LYS,0.8111244
106,SER,104,LYS,0.8111244
106,SER,105,ASP,0.56540179
106,SER,107,GLU,0.8111244
106,SER,108,ASP,0.917915
107,GLU,106,SER,0.86466472
107,GLU,108,ASP,0.63212056
108,ASP,106,SER,0.84664503
108,ASP,107,GLU,0.46473857
108,ASP,166,HIS,0.84664503
109,VAL,97,ARG,0.51045834
109,VAL,110,PRO,0.76034896
109,VAL,111,MET,0.76034896
110,PRO,76,GLU,0.76034896
110,PRO,77,GLY,0.51045834
110,PRO,78,PHE,0.51045834
110,PRO,109,VAL,0.76034896
110,PRO,111,MET,0.88268083
111,MET,78,PHE,0.46473857
111,MET,97,ARG,0.46473857
111,MET,109,VAL,0.7134952
111,MET,110,PRO,0.84664503
111,MET,112,VAL,0.46473857
112,VAL,78,PHE,0.51045834
112,VAL,80,CYS,0.51045834
112,VAL,111,MET,0.51045834
112,VAL,113,LEU,0.76034896
113,LEU,112,VAL,0.7134952
113,LEU,114,VAL,0.46473857
113,LEU,140,PRO,0.46473857
113,LEU,141,PHE,0.7134952
113,LEU,142,ILE,0.46473857
114,VAL,80,CYS,0.51045834
114,VAL,82,PHE,0.88268083
114,VAL,113,LEU,0.51045834
114,VAL,142,ILE,0.51045834
114,VAL,144,THR,0.51045834
115,GLY,142,ILE,0.7134952
115,GLY,143,GLU,0.7134952
115,GLY,144,THR,0.7134952
116,ASN,14,VAL,0.46473857
116,ASN,82,PHE,0.46473857
116,ASN,84,ILE,0.46473857
116,ASN,117,LYS,0.95606307
116,ASN,118,CYS,0.46473857
116,ASN,144,THR,0.917915
116,ASN,146,ALA,0.46473857
117,LYS,13,GLY,0.67080701
117,LYS,116,ASN,0.93782348
117,LYS,119,ASP,0.67080701
117,LYS,120,LEU,0.42624658
117,LYS,144,THR,0.42624658
118,CYS,116,ASN,0.56540179
118,CYS,120,LEU,0.56540179
118,CYS,144,THR,0.917915
119,ASP,117,LYS,0.7134952
119,ASP,145,SER,0.7134952
120,LEU,117,LYS,0.46473857
120,LEU,118,CYS,0.46473857
120,LEU,121,PRO,0.917915
121,PRO,120,LEU,0.94256738
121,PRO,122,SER,0.88268083
121,PRO,123,ARG,0.76034896
122,SER,121,PRO,0.917915
122,SER,124,THR,0.56540179
123,ARG,121,PRO,0.59710968
123,ARG,124,THR,0.59710968
123,ARG,125,VAL,0.74427084
123,ARG,127,THR,0.36526358
123,ARG,143,GLU,0.74427084
124,THR,84,ILE,0.51045834
124,THR,85,ASN,0.51045834
124,THR,86,ASN,0.51045834
124,THR,87,THR,0.51045834
124,THR,122,SER,0.51045834
124,THR,123,ARG,0.76034896
124,THR,125,VAL,0.76034896
125,VAL,84,ILE,0.51045834
125,VAL,123,ARG,0.88268083
125,VAL,124,THR,0.76034896
126,ASP,127,THR,0.46473857
126,ASP,128,LYS,0.7134952
126,ASP,129,GLN,0.7134952
126,ASP,130,ALA,0.46473857
127,THR,123,ARG,0.51045834
127,THR,126,ASP,0.51045834
127,THR,128,LYS,0.51045834
127,THR,129,GLN,0.51045834
127,THR,130,ALA,0.51045834
127,THR,131,GLN,0.51045834
127,THR,143,GLU,0.51045834
128,LYS,126,ASP,0.67080701
128,LYS,127,THR,0.42624658
128,LYS,129,GLN,0.42624658
128,LYS,130,ALA,0.67080701
128,LYS,131,GLN,0.42624658
128,LYS,132,ASP,0.8111244
129,GLN,126,ASP,0.67080701
129,GLN,127,THR,0.42624658
129,GLN,128,LYS,0.42624658
129,GLN,130,ALA,0.42624658
129,GLN,133,LEU,0.42624658
130,ALA,126,ASP,0.63212056
130,ALA,127,THR,0.63212056
130,ALA,128,LYS,0.86466472
130,ALA,129,GLN,0.63212056
130,ALA,131,GLN,0.63212056
130,ALA,132,ASP,0.86466472
130,ALA,133,LEU,0.63212056
130,ALA,134,ALA,0.63212056
131,GLN,127,THR,0.42624658
131,GLN,128,LYS,0.42624658
131,GLN,130,ALA,0.42624658
131,GLN,132,ASP,0.42624658
131,GLN,133,LEU,0.42624658
131,GLN,134,ALA,0.42624658
131,GLN,135,ARG,0.8111244
132,ASP,128,LYS,0.84664503
132,ASP,130,ALA,0.7134952
132,ASP,131,GLN,0.46473857
132,ASP,133,LEU,0.46473857
132,ASP,134,ALA,0.46473857
132,ASP,135,ARG,0.7134952
132,ASP,136,SER,0.46473857
133,LEU,129,GLN,0.46473857
133,LEU,130,ALA,0.46473857
133,LEU,131,GLN,0.46473857
133,LEU,132,ASP,0.46473857
133,LEU,134,ALA,0.46473857
133,LEU,135,ARG,0.7134952
133,LEU,136,SER,0.7134952
133,LEU,137,TYR,0.46473857
134,ALA,130,ALA,0.63212056
134,ALA,131,GLN,0.63212056
134,ALA,132,ASP,0.63212056
134,ALA,133,LEU,0.63212056
134,ALA,135,ARG,0.63212056
134,ALA,136,SER,0.86466472
134,ALA,137,TYR,0.63212056
134,ALA,138,GLY,0.63212056
134,ALA,139,ILE,0.95021293
135,ARG,131,GLN,0.74427084
135,ARG,132,ASP,0.59710968
135,ARG,133,LEU,0.59710968
135,ARG,134,ALA,0.36526358
135,ARG,136,SER,0.36526358
135,ARG,137,TYR,0.59710968
135,ARG,138,GLY,0.36526358
136,SER,132,ASP,0.56540179
136,SER,133,LEU,0.8111244
136,SER,134,ALA,0.8111244
136,SER,135,ARG,0.56540179
136,SER,137,TYR,0.8111244
137,TYR,133,LEU,0.34075937
137,TYR,134,ALA,0.34075937
137,TYR,135,ARG,0.56540179
137,TYR,136,SER,0.56540179
137,TYR,138,GLY,0.34075937
138,GLY,134,ALA,0.7134952
138,GLY,135,ARG,0.7134952
138,GLY,137,TYR,0.7134952
138,GLY,139,ILE,0.7134952
139,ILE,134,ALA,0.84664503
139,ILE,138,GLY,0.46473857
139,ILE,140,PRO,0.84664503
140,PRO,113,LEU,0.51045834
140,PRO,139,ILE,0.88268083
140,PRO,141,PHE,0.51045834
141,PHE,113,LEU,0.59710968
141,PHE,140,PRO,0.36526358
141,PHE,142,ILE,0.9346026
141,PHE,143,GLU,0.36526358
142,ILE,113,LEU,0.46473857
142,ILE,114,VAL,0.46473857
142,ILE,115,GLY,0.46473857
142,ILE,141,PHE,0.97648225
142,ILE,143,GLU,0.46473857
143,GLU,115,GLY,0.42624658
143,GLU,123,ARG,0.8111244
143,GLU,127,THR,0.42624658
143,GLU,141,PHE,0.42624658
143,GLU,142,ILE,0.42624658
143,GLU,144,THR,0.42624658
144,THR,114,VAL,0.51045834
144,THR,115,GLY,0.51045834
144,THR,116,ASN,0.94256738
144,THR,117,LYS,0.51045834
144,THR,118,CYS,0.88268083
144,THR,143,GLU,0.51045834
144,THR,145,SER,0.76034896
144,THR,150,GLN,0.51045834
145,SER,119,ASP,0.8111244
145,SER,144,THR,0.8111244
145,SER,146,ALA,0.56540179
145,SER,147,LYS,0.917915
145,SER,148,THR,0.8111244
145,SER,149,ARG,0.8111244
145,SER,150,GLN,0.56540179
146,ALA,22,GLN,0.86466472
146,ALA,28,PHE,0.63212056
146,ALA,116,ASN,0.63212056
146,ALA,145,SER,0.63212056
146,ALA,147,LYS,0.63212056
147,LYS,145,SER,0.8111244
147,LYS,146,ALA,0.42624658
147,LYS,148,THR,0.42624658
148,THR,145,SER,0.76034896
148,THR,147,LYS,0.51045834
148,THR,149,ARG,0.94256738
148,THR,150,GLN,0.76034896
149,ARG,22,GLN,0.59710968
149,ARG,145,SER,0.59710968
149,ARG,148,THR,0.83767939
149,ARG,151,GLY,0.36526358
149,ARG,152,VAL,0.36526358
149,ARG,153,ASP,0.74427084
150,GLN,144,THR,0.42624658
150,GLN,145,SER,0.42624658
150,GLN,148,THR,0.67080701
150,GLN,151,GLY,0.42624658
150,GLN,152,VAL,0.67080701
151,GLY,149,ARG,0.7134952
151,GLY,150,GLN,0.7134952
151,GLY,154,ASP,0.7134952
151,GLY,155,ALA,0.7134952
152,VAL,149,ARG,0.51045834
152,VAL,150,GLN,0.76034896
152,VAL,153,ASP,0.51045834
152,VAL,154,ASP,0.76034896
152,VAL,155,ALA,0.51045834
152,VAL,156,PHE,0.76034896
153,ASP,149,ARG,0.84664503
153,ASP,152,VAL,0.46473857
153,ASP,154,ASP,0.46473857
153,ASP,155,ALA,0.7134952
153,ASP,156,PHE,0.46473857
153,ASP,157,TYR,0.917915
154,ASP,151,GLY,0.46473857
154,ASP,152,VAL,0.7134952
154,ASP,153,ASP,0.46473857
154,ASP,155,ALA,0.46473857
154,ASP,156,PHE,0.46473857
154,ASP,158,THR,0.84664503
155,ALA,151,GLY,0.63212056
155,ALA,152,VAL,0.63212056
155,ALA,153,ASP,0.86466472
155,ALA,154,ASP,0.63212056
155,ALA,156,PHE,0.63212056
155,ALA,157,TYR,0.63212056
155,ALA,159,LEU,0.63212056
156,PHE,152,VAL,0.59710968
156,PHE,153,ASP,0.36526358
156,PHE,154,ASP,0.36526358
156,PHE,155,ALA,0.36526358
156,PHE,157,TYR,0.36526358
156,PHE,158,THR,0.36526358
156,PHE,159,LEU,0.36526358
156,PHE,160,VAL,0.36526358
157,TYR,153,ASP,0.8111244
157,TYR,155,ALA,0.34075937
157,TYR,156,PHE,0.34075937
157,TYR,158,THR,0.34075937
157,TYR,159,LEU,0.34075937
157,TYR,160,VAL,0.34075937
157,TYR,161,ARG,0.34075937
158,THR,154,ASP,0.88268083
158,THR,156,PHE,0.51045834
158,THR,157,TYR,0.51045834
158,THR,159,LEU,0.51045834
158,THR,160,VAL,0.76034896
158,THR,161,ARG,0.51045834
158,THR,162,GLU,0.76034896
159,LEU,155,ALA,0.46473857
159,LEU,156,PHE,0.46473857
159,LEU,157,TYR,0.46473857
159,LEU,158,THR,0.46473857
159,LEU,160,VAL,0.46473857
159,LEU,161,ARG,0.7134952
159,LEU,162,GLU,0.46473857
159,LEU,163,ILE,0.7134952
160,VAL,156,PHE,0.51045834
160,VAL,157,TYR,0.51045834
160,VAL,158,THR,0.76034896
160,VAL,159,LEU,0.51045834
160,VAL,161,ARG,0.51045834
160,VAL,162,GLU,0.51045834
160,VAL,163,ILE,0.51045834
160,VAL,164,ARG,0.51045834
161,ARG,47,ASP,0.83767939
161,ARG,157,TYR,0.36526358
161,ARG,158,THR,0.36526358
161,ARG,159,LEU,0.59710968
161,ARG,160,VAL,0.36526358
161,ARG,162,GLU,0.36526358
161,ARG,163,ILE,0.36526358
161,ARG,164,ARG,0.36526358
161,ARG,165,LYS,0.59710968
162,GLU,158,THR,0.67080701
162,GLU,159,LEU,0.42624658
162,GLU,160,VAL,0.42624658
162,GLU,161,ARG,0.42624658
162,GLU,163,ILE,0.42624658
162,GLU,164,ARG,0.42624658
162,GLU,165,LYS,0.8111244
162,GLU,166,HIS,0.42624658
163,ILE,159,LEU,0.7134952
163,ILE,160,VAL,0.46473857
163,ILE,161,ARG,0.46473857
163,ILE,162,GLU,0.46473857
163,ILE,164,ARG,0.46473857
163,ILE,165,LYS,0.7134952
163,ILE,166,HIS,0.46473857
163,ILE,167,LYS,0.46473857
164,ARG,46,ILE,0.36526358
164,ARG,49,GLU,0.36526358
164,ARG,51,CYS,0.59710968
164,ARG,160,VAL,0.36526358
164,ARG,161,ARG,0.36526358
164,ARG,162,GLU,0.36526358
164,ARG,163,ILE,0.36526358
164,ARG,165,LYS,0.36526358
164,ARG,166,HIS,0.59710968
164,ARG,167,LYS,0.36526358
164,ARG,168,GLU,0.59710968
165,LYS,161,ARG,0.67080701
165,LYS,162,GLU,0.8111244
165,LYS,163,ILE,0.67080701
165,LYS,164,ARG,0.42624658
165,LYS,166,HIS,0.42624658
165,LYS,167,LYS,0.42624658
165,LYS,168,GLU,0.42624658
165,LYS,169,LYS,0.42624658
166,HIS,108,ASP,0.77686984
166,HIS,162,GLU,0.39346934
166,HIS,163,ILE,0.39346934
166,HIS,164,ARG,0.63212056
166,HIS,165,LYS,0.39346934
166,HIS,167,LYS,0.39346934
166,HIS,168,GLU,0.39346934
166,HIS,169,LYS,0.63212056
167,LYS,163,ILE,0.42624658
167,LYS,164,ARG,0.42624658
167,LYS,165,LYS,0.42624658
167,LYS,166,HIS,0.42624658
167,LYS,168,GLU,0.42624658
167,LYS,169,LYS,0.42624658
168,GLU,164,ARG,0.67080701
168,GLU,165,LYS,0.42624658
168,GLU,166,HIS,0.42624658
168,GLU,167,LYS,0.42624658
169,LYS,165,LYS,0.63212056
169,LYS,166,HIS,0.86466472
169,LYS,167,LYS,0.63212056
